-- phpMyAdmin SQL Dump
-- version 5.2.1
-- https://www.phpmyadmin.net/
--
-- Host: 127.0.0.1
-- Generation Time: Apr 18, 2026 at 02:43 PM
-- Server version: 10.4.32-MariaDB
-- PHP Version: 8.2.12

SET SQL_MODE = "NO_AUTO_VALUE_ON_ZERO";

CREATE DATABASE IF NOT EXISTS booking_db;
USE booking_db;
START TRANSACTION;
SET time_zone = "+00:00";


/*!40101 SET @OLD_CHARACTER_SET_CLIENT=@@CHARACTER_SET_CLIENT */;
/*!40101 SET @OLD_CHARACTER_SET_RESULTS=@@CHARACTER_SET_RESULTS */;
/*!40101 SET @OLD_COLLATION_CONNECTION=@@COLLATION_CONNECTION */;
/*!40101 SET NAMES utf8mb4 */;

CREATE DATABASE IF NOT EXISTS `booking_db`;
USE `booking_db`;

-- --------------------------------------------------------

--
-- Table structure for table `bookings`
--

CREATE TABLE `bookings` (
  `id` int(11) NOT NULL,
  `booking_code` varchar(32) NOT NULL COMMENT 'Mã đặt vé',
  `user_id` varchar(64) NOT NULL COMMENT 'ID người dùng',
  `user_email` varchar(255) DEFAULT NULL,
  `showtime_id` int(11) NOT NULL COMMENT 'Suất chiếu',
  `seat_total` int(11) NOT NULL DEFAULT 0 COMMENT 'Tổng tiền ghế',
  `combo_total` int(11) NOT NULL DEFAULT 0 COMMENT 'Tổng tiền combo',
  `final_total` int(11) NOT NULL DEFAULT 0 COMMENT 'Tổng tiền cuối',
  `payment_method` enum('cash','vnpay','bank_transfer') NOT NULL DEFAULT 'cash' COMMENT 'Phương thức thanh toán',
  `payment_status` enum('pending','pending_cash','paid','failed','cancelled') NOT NULL DEFAULT 'pending' COMMENT 'Trạng thái thanh toán',
  `created_at` datetime NOT NULL DEFAULT current_timestamp() COMMENT 'Thời gian tạo',
  `paid_at` datetime DEFAULT NULL COMMENT 'Thời gian thanh toán',
  `updated_at` datetime DEFAULT NULL,
  `coupon_code` varchar(50) DEFAULT NULL,
  `discount_amount` decimal(10,2) DEFAULT 0.00
) ENGINE=InnoDB DEFAULT CHARSET=utf8mb4 COLLATE=utf8mb4_general_ci COMMENT='Bảng lưu thông tin chính của đơn đặt vé';

--
-- Dumping data for table `bookings`
--

INSERT INTO `bookings` (`id`, `booking_code`, `user_id`, `user_email`, `showtime_id`, `seat_total`, `combo_total`, `final_total`, `payment_method`, `payment_status`, `created_at`, `paid_at`, `updated_at`, `coupon_code`, `discount_amount`) VALUES
(1, 'DPMN02P6KL8679', 'user_v8av77hf', NULL, 12, 90000, 115000, 205000, 'cash', 'paid', '2026-03-21 15:35:37', NULL, NULL, NULL, 0.00),
(2, 'DPMN02SLQ2159A', 'user_v8av77hf', NULL, 12, 90000, 0, 90000, 'bank_transfer', 'cancelled', '2026-03-21 15:38:17', NULL, NULL, NULL, 0.00),
(3, 'DPMN02T9O1FE44', 'user_v8av77hf', NULL, 12, 90000, 0, 90000, 'vnpay', 'cancelled', '2026-03-21 15:38:48', NULL, NULL, NULL, 0.00),
(4, 'DPMN02YTUNA758', 'user_v8av77hf', NULL, 12, 90000, 135000, 225000, 'cash', 'paid', '2026-03-21 15:43:08', NULL, NULL, NULL, 0.00),
(5, 'DPMN03349919E8', 'user_v8av77hf', NULL, 12, 90000, 135000, 225000, 'bank_transfer', 'cancelled', '2026-03-21 15:46:28', NULL, NULL, NULL, 0.00),
(6, 'DPMN038I1BB21B', 'user_v8av77hf', NULL, 12, 90000, 135000, 225000, 'bank_transfer', 'paid', '2026-03-21 15:50:39', '2026-03-21 15:53:04', NULL, NULL, 0.00),
(7, 'DPMN03HES4936D', 'user_v8av77hf', NULL, 12, 90000, 0, 90000, 'bank_transfer', 'paid', '2026-03-21 15:57:34', '2026-03-21 15:57:43', NULL, NULL, 0.00),
(8, 'DPMN03I2N5FDC1', 'user_v8av77hf', NULL, 12, 90000, 95000, 185000, 'cash', 'paid', '2026-03-21 15:58:05', NULL, NULL, NULL, 0.00),
(9, 'DPMN03WQV6D9C1', 'user_1dhxkmj9', NULL, 12, 90000, 115000, 205000, 'bank_transfer', 'paid', '2026-03-21 16:09:30', '2026-03-21 16:09:38', NULL, NULL, 0.00),
(10, 'DPMN046Y78D2B1', 'user_1dhxkmj9', NULL, 12, 70000, 0, 70000, 'bank_transfer', 'paid', '2026-03-21 16:17:26', '2026-03-21 16:17:29', NULL, NULL, 0.00),
(11, 'DPMN04C6X638F2', 'user_1dhxkmj9', NULL, 12, 90000, 0, 90000, 'cash', 'paid', '2026-03-21 16:21:31', NULL, NULL, NULL, 0.00),
(12, 'DPMN04DI9Q1FB2', '5', 'admin@dprime.com', 12, 70000, 135000, 205000, 'cash', 'paid', '2026-03-21 16:22:32', NULL, NULL, NULL, 0.00),
(13, 'DPMN04E22TC90A', 'user_1dhxkmj9', NULL, 12, 90000, 0, 90000, 'cash', 'paid', '2026-03-21 16:22:58', NULL, NULL, NULL, 0.00),
(14, 'DPMN04F1JO4E8F', 'user_1dhxkmj9', NULL, 12, 90000, 0, 90000, 'cash', 'paid', '2026-03-21 16:23:44', NULL, NULL, NULL, 0.00),
(15, 'DPMN04FUX1674B', 'user_v8av77hf', NULL, 12, 70000, 0, 70000, 'cash', 'paid', '2026-03-21 16:24:22', NULL, NULL, NULL, 0.00),
(16, 'DPMN04I66ZA3D4', 'user_1dhxkmj9', NULL, 12, 90000, 0, 90000, 'bank_transfer', 'paid', '2026-03-21 16:26:10', '2026-03-21 16:26:13', NULL, NULL, 0.00),
(17, 'DPMN04JJ4QC8C6', 'user_1dhxkmj9', NULL, 12, 240000, 0, 240000, 'cash', 'paid', '2026-03-21 16:27:13', NULL, NULL, NULL, 0.00),
(18, 'DPMN04MVXFBCBC', '6', 'nguyenvanduy1310@gmail.com', 12, 90000, 0, 90000, 'cash', 'paid', '2026-03-21 16:29:50', NULL, NULL, NULL, 0.00),
(19, 'DPMN05U2J16E2B', '7', 'dohoangquylinh@gmail.com', 12, 140000, 135000, 275000, 'cash', 'paid', '2026-03-21 17:03:24', NULL, NULL, NULL, 0.00),
(20, 'DPMN05VRXV208D', 'user_1dhxkmj9', NULL, 12, 240000, 135000, 375000, 'bank_transfer', 'paid', '2026-03-21 17:04:44', '2026-03-21 17:04:50', NULL, NULL, 0.00),
(21, 'DPMN08MXV7ACBB', 'user_v8av77hf', 'nguyenvanduy1310@gmail.com', 12, 90000, 135000, 225000, 'cash', 'paid', '2026-03-21 18:21:51', NULL, NULL, NULL, 0.00),
(22, 'DPMN08Q0NE2F1A', '8', 'aigod1310@gmail.com', 12, 90000, 135000, 225000, 'bank_transfer', 'paid', '2026-03-21 18:24:14', '2026-03-21 18:24:17', NULL, NULL, 0.00),
(23, 'DPMN08UWA6C15E', '8', 'aigod1310@gmail.com', 12, 90000, 0, 90000, 'cash', 'paid', '2026-03-21 18:28:02', NULL, NULL, NULL, 0.00),
(24, 'DPMN09GAGR61E7', '8', 'aigod1310@gmail.com', 12, 90000, 135000, 225000, 'vnpay', 'pending', '2026-03-21 18:44:40', NULL, NULL, NULL, 0.00),
(25, 'DPMN0AXOWU69CB', '8', 'aigod1310@gmail.com', 12, 90000, 135000, 225000, 'cash', 'cancelled', '2026-03-21 19:26:11', NULL, '2026-03-21 23:39:41', NULL, 0.00),
(26, 'DPMN0BVA8QB948', '8', 'aigod1310@gmail.com', 12, 90000, 115000, 205000, 'bank_transfer', 'paid', '2026-03-21 19:52:19', '2026-03-21 19:52:49', NULL, NULL, 0.00),
(27, 'DPMN0K7DZVC75B', '8', 'aigod1310@gmail.com', 12, 90000, 115000, 205000, 'cash', 'pending_cash', '2026-03-21 23:45:40', NULL, NULL, NULL, 0.00),
(28, 'DPMN1PBVS8C127', '8', 'aigod1310@gmail.com', 12, 90000, 135000, 225000, 'bank_transfer', 'paid', '2026-03-22 18:56:54', '2026-03-22 18:56:56', NULL, NULL, 0.00),
(29, 'DPMN1UJGVM2C3A', '5', 'admin@dprime.com', 14, 180000, 115000, 295000, 'cash', 'pending_cash', '2026-03-22 21:22:46', NULL, NULL, NULL, 0.00),
(30, 'DPMN1UKA1BF463', '5', 'admin@dprime.com', 14, 180000, 135000, 315000, 'bank_transfer', 'paid', '2026-03-22 21:23:24', '2026-03-22 21:23:27', NULL, NULL, 0.00),
(31, 'DPMN1UL67AA7BA', 'user_1dhxkmj9', NULL, 15, 90000, 0, 90000, 'cash', 'pending_cash', '2026-03-22 21:24:06', NULL, NULL, NULL, 0.00),
(32, 'DPMN1UM2JZ1A26', 'user_1dhxkmj9', NULL, 15, 90000, 115000, 205000, 'cash', 'pending_cash', '2026-03-22 21:24:48', NULL, NULL, NULL, 0.00),
(33, 'DPMN1UMULA07F3', 'user_1dhxkmj9', NULL, 15, 90000, 135000, 225000, 'bank_transfer', 'paid', '2026-03-22 21:25:24', '2026-03-22 21:25:26', NULL, NULL, 0.00),
(34, 'DPMN1V2FQR4BF6', '5', 'admin@dprime.com', 15, 90000, 135000, 225000, 'cash', 'pending_cash', '2026-03-22 21:37:31', NULL, NULL, NULL, 0.00),
(35, 'DPMN1V693E02F0', '5', 'admin@dprime.com', 18, 90000, 135000, 225000, 'bank_transfer', 'paid', '2026-03-22 21:40:29', '2026-03-22 21:40:32', NULL, NULL, 0.00),
(36, 'DPMN1VM4VH9124', 'user_v8av77hf', NULL, 15, 90000, 115000, 205000, 'cash', 'pending_cash', '2026-03-22 21:52:50', NULL, NULL, NULL, 0.00),
(37, 'DPMN1VMV9AB1ED', '5', 'admin@dprime.com', 15, 90000, 135000, 225000, 'cash', 'pending_cash', '2026-03-22 21:53:25', NULL, NULL, NULL, 0.00),
(38, 'DPMN2E5VWW1365', '5', 'admin@dprime.com', 15, 140000, 135000, 275000, 'bank_transfer', 'paid', '2026-03-23 06:32:05', '2026-03-23 06:32:08', NULL, NULL, 0.00),
(39, 'DPMNIXBDMH1D70', '5', 'admin@dprime.com', 20, 240000, 135000, 375000, 'cash', 'cancelled', '2026-04-03 20:12:33', NULL, '2026-04-03 22:44:52', NULL, 0.00),
(40, 'DPMNJAABA794FC', '4', NULL, 20, 140000, 135000, 275000, 'cash', 'pending_cash', '2026-04-04 02:15:38', NULL, NULL, NULL, 0.00),
(41, 'DPMNN0GQEO56B0', '4', NULL, 20, 240000, 135000, 375000, 'bank_transfer', 'cancelled', '2026-04-06 16:51:46', NULL, '2026-04-06 18:06:51', NULL, 0.00),
(42, 'DPMNN0HJA1A515', '4', NULL, 20, 240000, 135000, 375000, 'cash', 'cancelled', '2026-04-06 16:52:24', NULL, NULL, NULL, 0.00),
(43, 'DPMNN39RCK3920', '4', NULL, 20, 70000, 0, 70000, 'cash', 'cancelled', '2026-04-06 18:10:20', NULL, NULL, NULL, 0.00);

-- --------------------------------------------------------

--
-- Table structure for table `booking_combos`
--

CREATE TABLE `booking_combos` (
  `id` int(11) NOT NULL,
  `booking_id` int(11) NOT NULL COMMENT 'ID booking',
  `combo_name` varchar(128) NOT NULL COMMENT 'Tên combo',
  `qty` int(11) NOT NULL DEFAULT 1 COMMENT 'Số lượng',
  `unit_price` int(11) NOT NULL DEFAULT 0 COMMENT 'Giá 1 combo',
  `total_price` int(11) NOT NULL DEFAULT 0 COMMENT 'Tổng tiền combo'
) ENGINE=InnoDB DEFAULT CHARSET=utf8mb4 COLLATE=utf8mb4_general_ci COMMENT='Danh sách combo trong booking';

--
-- Dumping data for table `booking_combos`
--

INSERT INTO `booking_combos` (`id`, `booking_id`, `combo_name`, `qty`, `unit_price`, `total_price`) VALUES
(1, 1, 'PREMIUM MY COMBO', 1, 115000, 115000),
(2, 4, 'PREMIUM D PRIME CINEMA COMBO', 1, 135000, 135000),
(3, 5, 'PREMIUM D PRIME CINEMA COMBO', 1, 135000, 135000),
(4, 6, 'PREMIUM D PRIME CINEMA COMBO', 1, 135000, 135000),
(5, 8, 'MY COMBO', 1, 95000, 95000),
(6, 9, 'PREMIUM MY COMBO', 1, 115000, 115000),
(7, 12, 'PREMIUM D PRIME CINEMA COMBO', 1, 135000, 135000),
(8, 19, 'PREMIUM D PRIME CINEMA COMBO', 1, 135000, 135000),
(9, 20, 'PREMIUM D PRIME CINEMA COMBO', 1, 135000, 135000),
(10, 21, 'PREMIUM D PRIME CINEMA COMBO', 1, 135000, 135000),
(11, 22, 'PREMIUM D PRIME CINEMA COMBO', 1, 135000, 135000),
(12, 24, 'PREMIUM D PRIME CINEMA COMBO', 1, 135000, 135000),
(13, 25, 'PREMIUM D PRIME CINEMA COMBO', 1, 135000, 135000),
(14, 26, 'PREMIUM MY COMBO', 1, 115000, 115000),
(15, 27, 'PREMIUM MY COMBO', 1, 115000, 115000),
(16, 28, 'PREMIUM D PRIME CINEMA COMBO', 1, 135000, 135000),
(17, 29, 'PREMIUM MY COMBO', 1, 115000, 115000),
(18, 30, 'PREMIUM D PRIME CINEMA COMBO', 1, 135000, 135000),
(19, 32, 'PREMIUM MY COMBO', 1, 115000, 115000),
(20, 33, 'PREMIUM D PRIME CINEMA COMBO', 1, 135000, 135000),
(21, 34, 'PREMIUM D PRIME CINEMA COMBO', 1, 135000, 135000),
(22, 35, 'PREMIUM D PRIME CINEMA COMBO', 1, 135000, 135000),
(23, 36, 'PREMIUM MY COMBO', 1, 115000, 115000),
(24, 37, 'PREMIUM D PRIME CINEMA COMBO', 1, 135000, 135000),
(25, 38, 'PREMIUM D PRIME CINEMA COMBO', 1, 135000, 135000),
(26, 39, 'PREMIUM D PRIME CINEMA COMBO', 1, 135000, 135000),
(27, 40, 'PREMIUM D PRIME CINEMA COMBO', 1, 135000, 135000),
(28, 41, 'PREMIUM D PRIME CINEMA COMBO', 1, 135000, 135000),
(29, 42, 'PREMIUM D PRIME CINEMA COMBO', 1, 135000, 135000);

-- --------------------------------------------------------

--
-- Table structure for table `booking_seats`
--

CREATE TABLE `booking_seats` (
  `id` int(11) NOT NULL,
  `booking_id` int(11) NOT NULL COMMENT 'ID booking',
  `seat_id` int(11) NOT NULL COMMENT 'ID ghế',
  `seat_code` varchar(10) NOT NULL COMMENT 'Mã ghế',
  `price` int(11) NOT NULL DEFAULT 0 COMMENT 'Giá ghế'
) ENGINE=InnoDB DEFAULT CHARSET=utf8mb4 COLLATE=utf8mb4_general_ci COMMENT='Danh sách ghế thuộc booking';

--
-- Dumping data for table `booking_seats`
--

INSERT INTO `booking_seats` (`id`, `booking_id`, `seat_id`, `seat_code`, `price`) VALUES
(1, 1, 60, 'F5', 90000),
(2, 2, 61, 'F6', 90000),
(3, 3, 61, 'F6', 90000),
(4, 4, 51, 'E7', 90000),
(5, 5, 38, 'D5', 90000),
(6, 6, 38, 'D5', 90000),
(7, 7, 52, 'E8', 90000),
(8, 8, 65, 'F10', 90000),
(9, 9, 37, 'D4', 90000),
(10, 10, 27, 'C5', 70000),
(11, 11, 36, 'D3', 90000),
(12, 12, 25, 'C3', 70000),
(13, 13, 59, 'F4', 90000),
(14, 14, 58, 'F3', 90000),
(15, 15, 23, 'C1', 70000),
(16, 16, 46, 'E2', 90000),
(17, 17, 85, 'H8', 120000),
(18, 17, 84, 'H7', 120000),
(19, 18, 48, 'E4', 90000),
(20, 19, 5, 'A5', 70000),
(21, 19, 6, 'A6', 70000),
(22, 20, 79, 'H2', 120000),
(23, 20, 78, 'H1', 120000),
(24, 21, 44, 'D11', 90000),
(25, 22, 40, 'D7', 90000),
(26, 23, 74, 'G8', 90000),
(27, 24, 54, 'E10', 90000),
(28, 25, 50, 'E6', 90000),
(29, 26, 62, 'F7', 90000),
(30, 27, 56, 'F1', 90000),
(31, 28, 66, 'F11', 90000),
(32, 29, 37, 'D4', 90000),
(33, 29, 38, 'D5', 90000),
(34, 30, 37, 'D4', 90000),
(35, 30, 38, 'D5', 90000),
(36, 31, 38, 'D5', 90000),
(37, 32, 38, 'D5', 90000),
(38, 33, 38, 'D5', 90000),
(39, 34, 39, 'D6', 90000),
(40, 35, 37, 'D4', 90000),
(41, 36, 61, 'F6', 90000),
(42, 37, 66, 'F11', 90000),
(43, 38, 29, 'C7', 70000),
(44, 38, 30, 'C8', 70000),
(45, 39, 80, 'H3', 120000),
(46, 39, 81, 'H4', 120000),
(47, 40, 1, 'A1', 70000),
(48, 40, 2, 'A2', 70000),
(49, 41, 87, 'H10', 120000),
(50, 41, 86, 'H9', 120000),
(51, 42, 87, 'H10', 120000),
(52, 42, 86, 'H9', 120000),
(53, 43, 3, 'A3', 70000);

-- --------------------------------------------------------

--
-- Table structure for table `combos`
--

CREATE TABLE `combos` (
  `id` int(11) NOT NULL COMMENT 'ID combo',
  `name` varchar(255) NOT NULL COMMENT 'Tên combo',
  `description` text DEFAULT NULL COMMENT 'Mô tả combo',
  `price` int(11) NOT NULL COMMENT 'Giá combo (VNĐ)',
  `image` varchar(255) DEFAULT NULL,
  `created_at` timestamp NOT NULL DEFAULT current_timestamp() COMMENT 'Thời gian tạo',
  `updated_at` timestamp NOT NULL DEFAULT current_timestamp() ON UPDATE current_timestamp() COMMENT 'Thời gian cập nhật'
) ENGINE=InnoDB DEFAULT CHARSET=utf8mb4 COLLATE=utf8mb4_general_ci;

--
-- Dumping data for table `combos`
--

INSERT INTO `combos` (`id`, `name`, `description`, `price`, `image`, `created_at`, `updated_at`) VALUES
(1, 'PREMIUM D PRIME CINEMA COMBO', '1 Bắp Ngọt Lớn + 2 Nước Siêu Lớn + 1 Snack\r\n- Áp dụng giá Lễ, Tết\r\n- Nhận tại rạp trong ngày xem phim', 135000, 'combo1.png', '2026-03-18 17:30:26', '2026-03-18 18:58:51'),
(2, 'PREMIUM MY COMBO', '1 Bắp + 1 Nước + 1 Snack\r\n- Áp dụng giá Lễ, Tết\r\n- Nhận tại rạp trong ngày xem phim', 115000, 'combo2.png', '2026-03-18 17:30:26', '2026-03-18 17:30:26'),
(3, 'D PRIME COMBO', '1 Bắp + 2 Nước\r\n- Nhận tại rạp trong ngày xem phim', 125000, 'combo3.png', '2026-03-18 17:30:26', '2026-03-18 18:59:09'),
(4, 'MY COMBO', '1 Bắp + 1 Nước\r\n- Nhận tại rạp trong ngày xem phim', 95000, 'combo4.png', '2026-03-18 17:30:26', '2026-03-18 17:30:26');

-- --------------------------------------------------------

--
-- Table structure for table `combo_prices`
--

CREATE TABLE `combo_prices` (
  `id` int(11) NOT NULL,
  `showtime_id` int(11) NOT NULL,
  `combo_id` int(11) NOT NULL,
  `price` int(11) NOT NULL,
  `created_at` timestamp NOT NULL DEFAULT current_timestamp()
) ENGINE=InnoDB DEFAULT CHARSET=utf8mb4 COLLATE=utf8mb4_general_ci;

--
-- Dumping data for table `combo_prices`
--

INSERT INTO `combo_prices` (`id`, `showtime_id`, `combo_id`, `price`, `created_at`) VALUES
(1, 15, 1, 135000, '2026-03-18 17:38:21'),
(2, 15, 2, 115000, '2026-03-18 17:38:21'),
(3, 15, 3, 125000, '2026-03-18 17:38:21'),
(4, 15, 4, 95000, '2026-03-18 17:38:21'),
(5, 16, 1, 135000, '2026-03-22 14:17:22'),
(6, 16, 2, 115000, '2026-03-22 14:17:22'),
(7, 16, 3, 125000, '2026-03-22 14:17:22'),
(8, 16, 4, 95000, '2026-03-22 14:17:22'),
(9, 17, 1, 135000, '2026-03-22 14:18:58'),
(10, 17, 2, 115000, '2026-03-22 14:18:58'),
(11, 17, 3, 125000, '2026-03-22 14:18:58'),
(12, 17, 4, 95000, '2026-03-22 14:18:58'),
(13, 18, 1, 135000, '2026-03-22 14:20:08'),
(14, 18, 2, 115000, '2026-03-22 14:20:08'),
(15, 18, 3, 125000, '2026-03-22 14:20:08'),
(16, 18, 4, 95000, '2026-03-22 14:20:08'),
(17, 14, 1, 135000, '2026-03-22 14:22:28'),
(18, 14, 2, 115000, '2026-03-22 14:22:28'),
(19, 14, 3, 125000, '2026-03-22 14:22:28'),
(20, 14, 4, 95000, '2026-03-22 14:22:28'),
(21, 19, 1, 135000, '2026-03-22 15:34:17'),
(22, 19, 2, 115000, '2026-03-22 15:34:17'),
(23, 19, 3, 125000, '2026-03-22 15:34:17'),
(24, 19, 4, 95000, '2026-03-22 15:34:17'),
(25, 20, 1, 135000, '2026-03-22 15:34:59'),
(26, 20, 2, 115000, '2026-03-22 15:34:59'),
(27, 20, 3, 125000, '2026-03-22 15:34:59'),
(28, 20, 4, 95000, '2026-03-22 15:34:59'),
(29, 22, 1, 135000, '2026-03-22 15:37:33'),
(30, 22, 2, 115000, '2026-03-22 15:37:33'),
(31, 22, 3, 125000, '2026-03-22 15:37:33'),
(32, 22, 4, 95000, '2026-03-22 15:37:33'),
(33, 23, 1, 135000, '2026-03-22 15:44:04'),
(34, 23, 2, 115000, '2026-03-22 15:44:04'),
(35, 23, 3, 125000, '2026-03-22 15:44:04'),
(36, 23, 4, 95000, '2026-03-22 15:44:04'),
(37, 24, 1, 135000, '2026-03-22 15:44:04'),
(38, 24, 2, 115000, '2026-03-22 15:44:04'),
(39, 24, 3, 125000, '2026-03-22 15:44:04'),
(40, 24, 4, 95000, '2026-03-22 15:44:04'),
(41, 25, 1, 135000, '2026-03-22 15:44:04'),
(42, 25, 2, 115000, '2026-03-22 15:44:04'),
(43, 25, 3, 125000, '2026-03-22 15:44:04'),
(44, 25, 4, 95000, '2026-03-22 15:44:04'),
(45, 26, 1, 135000, '2026-03-22 15:44:04'),
(46, 26, 2, 115000, '2026-03-22 15:44:04'),
(47, 26, 3, 125000, '2026-03-22 15:44:04'),
(48, 26, 4, 95000, '2026-03-22 15:44:04'),
(49, 40, 3, 125000, '2026-04-17 13:09:37'),
(50, 40, 4, 95000, '2026-04-17 13:09:37'),
(51, 40, 1, 135000, '2026-04-17 13:09:37'),
(52, 40, 2, 115000, '2026-04-17 13:09:37'),
(53, 53, 3, 125000, '2026-04-17 15:32:04'),
(54, 53, 4, 95000, '2026-04-17 15:32:04'),
(55, 53, 1, 135000, '2026-04-17 15:32:04'),
(56, 53, 2, 115000, '2026-04-17 15:32:04'),
(57, 54, 3, 125000, '2026-04-17 15:32:18'),
(58, 54, 4, 95000, '2026-04-17 15:32:18'),
(59, 54, 1, 135000, '2026-04-17 15:32:18'),
(60, 54, 2, 115000, '2026-04-17 15:32:18');

-- --------------------------------------------------------

--
-- Table structure for table `coupons_master`
--

CREATE TABLE `coupons_master` (
  `id` int(11) NOT NULL,
  `code` varchar(50) NOT NULL,
  `name` varchar(255) NOT NULL,
  `discount_value` decimal(10,2) DEFAULT 0.00,
  `is_active` tinyint(1) DEFAULT 1
) ENGINE=InnoDB DEFAULT CHARSET=utf8mb4 COLLATE=utf8mb4_general_ci;

--
-- Dumping data for table `coupons_master`
--

INSERT INTO `coupons_master` (`id`, `code`, `name`, `discount_value`, `is_active`) VALUES
(1, 'DPRIME100', 'Chào mừng thành viên mới - 100k', 100000.00, 1),
(2, 'MOVIE50', 'Ưu đãi xem phim cuối tuần - 50k', 50000.00, 1),
(3, 'DPRIME2024', 'Mã tri ân khách hàng thân thiết', 30000.00, 1);

-- --------------------------------------------------------

--
-- Table structure for table `payment_codes`
--

CREATE TABLE `payment_codes` (
  `user_id` int(11) NOT NULL,
  `pin_hash` varchar(255) NOT NULL,
  `updated_at` timestamp NOT NULL DEFAULT current_timestamp() ON UPDATE current_timestamp()
) ENGINE=InnoDB DEFAULT CHARSET=utf8mb4 COLLATE=utf8mb4_general_ci;

--
-- Dumping data for table `payment_codes`
--

INSERT INTO `payment_codes` (`user_id`, `pin_hash`, `updated_at`) VALUES
(4, '$2b$10$j3OVo073EM8Rp/P0criISeetFHlHsjdyX54rxMbOj3WcfzKtzHn3K', '2026-04-03 19:15:21'),
(5, '$2b$10$lL9N3FZMFr/MXOjwWsFHAOYDCePEAH2VKXRxD5m9POHX3KeKtKwGG', '2026-04-03 12:30:15');

-- --------------------------------------------------------

--
-- Table structure for table `seat_layout`
--

CREATE TABLE `seat_layout` (
  `id` int(11) NOT NULL COMMENT 'ID ghế',
  `room_id` int(11) NOT NULL COMMENT 'Thuộc phòng nào',
  `seat_code` varchar(10) NOT NULL COMMENT 'Mã ghế (A1,A2,B3...)',
  `seat_row` char(1) DEFAULT NULL COMMENT 'Hàng ghế (A,B,C...)',
  `seat_number` int(11) DEFAULT NULL COMMENT 'Số ghế trong hàng',
  `seat_type` enum('normal','vip','sweetbox') DEFAULT 'normal' COMMENT 'Loại ghế'
) ENGINE=InnoDB DEFAULT CHARSET=utf8mb4 COLLATE=utf8mb4_general_ci;

--
-- Dumping data for table `seat_layout`
--

INSERT INTO `seat_layout` (`id`, `room_id`, `seat_code`, `seat_row`, `seat_number`, `seat_type`) VALUES
(1, 1, 'A1', 'A', 1, 'normal'),
(2, 1, 'A2', 'A', 2, 'normal'),
(3, 1, 'A3', 'A', 3, 'normal'),
(4, 1, 'A4', 'A', 4, 'normal'),
(5, 1, 'A5', 'A', 5, 'normal'),
(6, 1, 'A6', 'A', 6, 'normal'),
(7, 1, 'A7', 'A', 7, 'normal'),
(8, 1, 'A8', 'A', 8, 'normal'),
(9, 1, 'A9', 'A', 9, 'normal'),
(10, 1, 'A10', 'A', 10, 'normal'),
(11, 1, 'A11', 'A', 11, 'normal'),
(12, 1, 'B1', 'B', 1, 'normal'),
(13, 1, 'B2', 'B', 2, 'normal'),
(14, 1, 'B3', 'B', 3, 'normal'),
(15, 1, 'B4', 'B', 4, 'normal'),
(16, 1, 'B5', 'B', 5, 'normal'),
(17, 1, 'B6', 'B', 6, 'normal'),
(18, 1, 'B7', 'B', 7, 'normal'),
(19, 1, 'B8', 'B', 8, 'normal'),
(20, 1, 'B9', 'B', 9, 'normal'),
(21, 1, 'B10', 'B', 10, 'normal'),
(22, 1, 'B11', 'B', 11, 'normal'),
(23, 1, 'C1', 'C', 1, 'normal'),
(24, 1, 'C2', 'C', 2, 'normal'),
(25, 1, 'C3', 'C', 3, 'normal'),
(26, 1, 'C4', 'C', 4, 'normal'),
(27, 1, 'C5', 'C', 5, 'normal'),
(28, 1, 'C6', 'C', 6, 'normal'),
(29, 1, 'C7', 'C', 7, 'normal'),
(30, 1, 'C8', 'C', 8, 'normal'),
(31, 1, 'C9', 'C', 9, 'normal'),
(32, 1, 'C10', 'C', 10, 'normal'),
(33, 1, 'C11', 'C', 11, 'normal'),
(34, 1, 'D1', 'D', 1, 'vip'),
(35, 1, 'D2', 'D', 2, 'vip'),
(36, 1, 'D3', 'D', 3, 'vip'),
(37, 1, 'D4', 'D', 4, 'vip'),
(38, 1, 'D5', 'D', 5, 'vip'),
(39, 1, 'D6', 'D', 6, 'vip'),
(40, 1, 'D7', 'D', 7, 'vip'),
(41, 1, 'D8', 'D', 8, 'vip'),
(42, 1, 'D9', 'D', 9, 'vip'),
(43, 1, 'D10', 'D', 10, 'vip'),
(44, 1, 'D11', 'D', 11, 'vip'),
(45, 1, 'E1', 'E', 1, 'vip'),
(46, 1, 'E2', 'E', 2, 'vip'),
(47, 1, 'E3', 'E', 3, 'vip'),
(48, 1, 'E4', 'E', 4, 'vip'),
(49, 1, 'E5', 'E', 5, 'vip'),
(50, 1, 'E6', 'E', 6, 'vip'),
(51, 1, 'E7', 'E', 7, 'vip'),
(52, 1, 'E8', 'E', 8, 'vip'),
(53, 1, 'E9', 'E', 9, 'vip'),
(54, 1, 'E10', 'E', 10, 'vip'),
(55, 1, 'E11', 'E', 11, 'vip'),
(56, 1, 'F1', 'F', 1, 'vip'),
(57, 1, 'F2', 'F', 2, 'vip'),
(58, 1, 'F3', 'F', 3, 'vip'),
(59, 1, 'F4', 'F', 4, 'vip'),
(60, 1, 'F5', 'F', 5, 'vip'),
(61, 1, 'F6', 'F', 6, 'vip'),
(62, 1, 'F7', 'F', 7, 'vip'),
(63, 1, 'F8', 'F', 8, 'vip'),
(64, 1, 'F9', 'F', 9, 'vip'),
(65, 1, 'F10', 'F', 10, 'vip'),
(66, 1, 'F11', 'F', 11, 'vip'),
(67, 1, 'G1', 'G', 1, 'vip'),
(68, 1, 'G2', 'G', 2, 'vip'),
(69, 1, 'G3', 'G', 3, 'vip'),
(70, 1, 'G4', 'G', 4, 'vip'),
(71, 1, 'G5', 'G', 5, 'vip'),
(72, 1, 'G6', 'G', 6, 'vip'),
(73, 1, 'G7', 'G', 7, 'vip'),
(74, 1, 'G8', 'G', 8, 'vip'),
(75, 1, 'G9', 'G', 9, 'vip'),
(76, 1, 'G10', 'G', 10, 'vip'),
(77, 1, 'G11', 'G', 11, 'vip'),
(78, 1, 'H1', 'H', 1, 'sweetbox'),
(79, 1, 'H2', 'H', 2, 'sweetbox'),
(80, 1, 'H3', 'H', 3, 'sweetbox'),
(81, 1, 'H4', 'H', 4, 'sweetbox'),
(82, 1, 'H5', 'H', 5, 'sweetbox'),
(83, 1, 'H6', 'H', 6, 'sweetbox'),
(84, 1, 'H7', 'H', 7, 'sweetbox'),
(85, 1, 'H8', 'H', 8, 'sweetbox'),
(86, 1, 'H9', 'H', 9, 'sweetbox'),
(87, 1, 'H10', 'H', 10, 'sweetbox'),
(88, 1, 'H11', 'H', 11, 'sweetbox'),
(89, 2, 'A1', 'A', 1, 'normal'),
(90, 2, 'A2', 'A', 2, 'normal'),
(91, 2, 'A3', 'A', 3, 'normal'),
(92, 2, 'A4', 'A', 4, 'normal'),
(93, 2, 'A5', 'A', 5, 'normal'),
(94, 2, 'A6', 'A', 6, 'normal'),
(95, 2, 'A7', 'A', 7, 'normal'),
(96, 2, 'A8', 'A', 8, 'normal'),
(97, 2, 'A9', 'A', 9, 'normal'),
(98, 2, 'A10', 'A', 10, 'normal'),
(99, 2, 'A11', 'A', 11, 'normal'),
(100, 2, 'B1', 'B', 1, 'normal'),
(101, 2, 'B2', 'B', 2, 'normal'),
(102, 2, 'B3', 'B', 3, 'normal'),
(103, 2, 'B4', 'B', 4, 'normal'),
(104, 2, 'B5', 'B', 5, 'normal'),
(105, 2, 'B6', 'B', 6, 'normal'),
(106, 2, 'B7', 'B', 7, 'normal'),
(107, 2, 'B8', 'B', 8, 'normal'),
(108, 2, 'B9', 'B', 9, 'normal'),
(109, 2, 'B10', 'B', 10, 'normal'),
(110, 2, 'B11', 'B', 11, 'normal'),
(111, 2, 'C1', 'C', 1, 'normal'),
(112, 2, 'C2', 'C', 2, 'normal'),
(113, 2, 'C3', 'C', 3, 'normal'),
(114, 2, 'C4', 'C', 4, 'normal'),
(115, 2, 'C5', 'C', 5, 'normal'),
(116, 2, 'C6', 'C', 6, 'normal'),
(117, 2, 'C7', 'C', 7, 'normal'),
(118, 2, 'C8', 'C', 8, 'normal'),
(119, 2, 'C9', 'C', 9, 'normal'),
(120, 2, 'C10', 'C', 10, 'normal'),
(121, 2, 'C11', 'C', 11, 'normal'),
(122, 2, 'D1', 'D', 1, 'vip'),
(123, 2, 'D2', 'D', 2, 'vip'),
(124, 2, 'D3', 'D', 3, 'vip'),
(125, 2, 'D4', 'D', 4, 'vip'),
(126, 2, 'D5', 'D', 5, 'vip'),
(127, 2, 'D6', 'D', 6, 'vip'),
(128, 2, 'D7', 'D', 7, 'vip'),
(129, 2, 'D8', 'D', 8, 'vip'),
(130, 2, 'D9', 'D', 9, 'vip'),
(131, 2, 'D10', 'D', 10, 'vip'),
(132, 2, 'D11', 'D', 11, 'vip'),
(133, 2, 'E1', 'E', 1, 'vip'),
(134, 2, 'E2', 'E', 2, 'vip'),
(135, 2, 'E3', 'E', 3, 'vip'),
(136, 2, 'E4', 'E', 4, 'vip'),
(137, 2, 'E5', 'E', 5, 'vip'),
(138, 2, 'E6', 'E', 6, 'vip'),
(139, 2, 'E7', 'E', 7, 'vip'),
(140, 2, 'E8', 'E', 8, 'vip'),
(141, 2, 'E9', 'E', 9, 'vip'),
(142, 2, 'E10', 'E', 10, 'vip'),
(143, 2, 'E11', 'E', 11, 'vip'),
(144, 2, 'F1', 'F', 1, 'vip'),
(145, 2, 'F2', 'F', 2, 'vip'),
(146, 2, 'F3', 'F', 3, 'vip'),
(147, 2, 'F4', 'F', 4, 'vip'),
(148, 2, 'F5', 'F', 5, 'vip'),
(149, 2, 'F6', 'F', 6, 'vip'),
(150, 2, 'F7', 'F', 7, 'vip'),
(151, 2, 'F8', 'F', 8, 'vip'),
(152, 2, 'F9', 'F', 9, 'vip'),
(153, 2, 'F10', 'F', 10, 'vip'),
(154, 2, 'F11', 'F', 11, 'vip'),
(155, 2, 'G1', 'G', 1, 'vip'),
(156, 2, 'G2', 'G', 2, 'vip'),
(157, 2, 'G3', 'G', 3, 'vip'),
(158, 2, 'G4', 'G', 4, 'vip'),
(159, 2, 'G5', 'G', 5, 'vip'),
(160, 2, 'G6', 'G', 6, 'vip'),
(161, 2, 'G7', 'G', 7, 'vip'),
(162, 2, 'G8', 'G', 8, 'vip'),
(163, 2, 'G9', 'G', 9, 'vip'),
(164, 2, 'G10', 'G', 10, 'vip'),
(165, 2, 'G11', 'G', 11, 'vip'),
(166, 2, 'H1', 'H', 1, 'sweetbox'),
(167, 2, 'H2', 'H', 2, 'sweetbox'),
(168, 2, 'H3', 'H', 3, 'sweetbox'),
(169, 2, 'H4', 'H', 4, 'sweetbox'),
(170, 2, 'H5', 'H', 5, 'sweetbox'),
(171, 2, 'H6', 'H', 6, 'sweetbox'),
(172, 2, 'H7', 'H', 7, 'sweetbox'),
(173, 2, 'H8', 'H', 8, 'sweetbox'),
(174, 2, 'H9', 'H', 9, 'sweetbox'),
(175, 2, 'H10', 'H', 10, 'sweetbox'),
(176, 2, 'H11', 'H', 11, 'sweetbox'),
(216, 3, 'A1', 'A', 1, 'normal'),
(217, 3, 'A10', 'A', 10, 'normal'),
(218, 3, 'A11', 'A', 11, 'normal'),
(219, 3, 'A2', 'A', 2, 'normal'),
(220, 3, 'A3', 'A', 3, 'normal'),
(221, 3, 'A4', 'A', 4, 'normal'),
(222, 3, 'A5', 'A', 5, 'normal'),
(223, 3, 'A6', 'A', 6, 'normal'),
(224, 3, 'A7', 'A', 7, 'normal'),
(225, 3, 'A8', 'A', 8, 'normal'),
(226, 3, 'A9', 'A', 9, 'normal'),
(227, 3, 'B1', 'B', 1, 'normal'),
(228, 3, 'B10', 'B', 10, 'normal'),
(229, 3, 'B11', 'B', 11, 'normal'),
(230, 3, 'B2', 'B', 2, 'normal'),
(231, 3, 'B3', 'B', 3, 'normal'),
(232, 3, 'B4', 'B', 4, 'normal'),
(233, 3, 'B5', 'B', 5, 'normal'),
(234, 3, 'B6', 'B', 6, 'normal'),
(235, 3, 'B7', 'B', 7, 'normal'),
(236, 3, 'B8', 'B', 8, 'normal'),
(237, 3, 'B9', 'B', 9, 'normal'),
(238, 3, 'C1', 'C', 1, 'normal'),
(239, 3, 'C10', 'C', 10, 'normal'),
(240, 3, 'C11', 'C', 11, 'normal'),
(241, 3, 'C2', 'C', 2, 'normal'),
(242, 3, 'C3', 'C', 3, 'normal'),
(243, 3, 'C4', 'C', 4, 'normal'),
(244, 3, 'C5', 'C', 5, 'normal'),
(245, 3, 'C6', 'C', 6, 'normal'),
(246, 3, 'C7', 'C', 7, 'normal'),
(247, 3, 'C8', 'C', 8, 'normal'),
(248, 3, 'C9', 'C', 9, 'normal'),
(249, 3, 'D1', 'D', 1, 'vip'),
(250, 3, 'D10', 'D', 10, 'vip'),
(251, 3, 'D11', 'D', 11, 'vip'),
(252, 3, 'D2', 'D', 2, 'vip'),
(253, 3, 'D3', 'D', 3, 'vip'),
(254, 3, 'D4', 'D', 4, 'vip'),
(255, 3, 'D5', 'D', 5, 'vip'),
(256, 3, 'D6', 'D', 6, 'vip'),
(257, 3, 'D7', 'D', 7, 'vip'),
(258, 3, 'D8', 'D', 8, 'vip'),
(259, 3, 'D9', 'D', 9, 'vip'),
(260, 3, 'E1', 'E', 1, 'vip'),
(261, 3, 'E10', 'E', 10, 'vip'),
(262, 3, 'E11', 'E', 11, 'vip'),
(263, 3, 'E2', 'E', 2, 'vip'),
(264, 3, 'E3', 'E', 3, 'vip'),
(265, 3, 'E4', 'E', 4, 'vip'),
(266, 3, 'E5', 'E', 5, 'vip'),
(267, 3, 'E6', 'E', 6, 'vip'),
(268, 3, 'E7', 'E', 7, 'vip'),
(269, 3, 'E8', 'E', 8, 'vip'),
(270, 3, 'E9', 'E', 9, 'vip'),
(271, 3, 'F1', 'F', 1, 'vip'),
(272, 3, 'F10', 'F', 10, 'vip'),
(273, 3, 'F11', 'F', 11, 'vip'),
(274, 3, 'F2', 'F', 2, 'vip'),
(275, 3, 'F3', 'F', 3, 'vip'),
(276, 3, 'F4', 'F', 4, 'vip'),
(277, 3, 'F5', 'F', 5, 'vip'),
(278, 3, 'F6', 'F', 6, 'vip'),
(279, 3, 'F7', 'F', 7, 'vip'),
(280, 3, 'F8', 'F', 8, 'vip'),
(281, 3, 'F9', 'F', 9, 'vip'),
(282, 3, 'G1', 'G', 1, 'vip'),
(283, 3, 'G10', 'G', 10, 'vip'),
(284, 3, 'G11', 'G', 11, 'vip'),
(285, 3, 'G2', 'G', 2, 'vip'),
(286, 3, 'G3', 'G', 3, 'vip'),
(287, 3, 'G4', 'G', 4, 'vip'),
(288, 3, 'G5', 'G', 5, 'vip'),
(289, 3, 'G6', 'G', 6, 'vip'),
(290, 3, 'G7', 'G', 7, 'vip'),
(291, 3, 'G8', 'G', 8, 'vip'),
(292, 3, 'G9', 'G', 9, 'vip'),
(293, 3, 'H1', 'H', 1, 'sweetbox'),
(294, 3, 'H10', 'H', 10, 'sweetbox'),
(295, 3, 'H11', 'H', 11, 'sweetbox'),
(296, 3, 'H2', 'H', 2, 'sweetbox'),
(297, 3, 'H3', 'H', 3, 'sweetbox'),
(298, 3, 'H4', 'H', 4, 'sweetbox'),
(299, 3, 'H5', 'H', 5, 'sweetbox'),
(300, 3, 'H6', 'H', 6, 'sweetbox'),
(301, 3, 'H7', 'H', 7, 'sweetbox'),
(302, 3, 'H8', 'H', 8, 'sweetbox'),
(303, 3, 'H9', 'H', 9, 'sweetbox');

-- --------------------------------------------------------

--
-- Table structure for table `seat_prices`
--

CREATE TABLE `seat_prices` (
  `id` int(11) NOT NULL,
  `showtime_id` int(11) NOT NULL COMMENT 'ID suất chiếu',
  `seat_type` enum('normal','vip','sweetbox') NOT NULL,
  `price` int(11) NOT NULL,
  `created_at` datetime DEFAULT current_timestamp() COMMENT 'Thời gian tạo giá',
  `updated_at` datetime DEFAULT current_timestamp() ON UPDATE current_timestamp() COMMENT 'Thời gian cập nhật giá'
) ENGINE=InnoDB DEFAULT CHARSET=utf8mb4 COLLATE=utf8mb4_general_ci COMMENT='Giá ghế theo suất chiếu';

--
-- Dumping data for table `seat_prices`
--

INSERT INTO `seat_prices` (`id`, `showtime_id`, `seat_type`, `price`, `created_at`, `updated_at`) VALUES
(1, 15, 'normal', 70000, '2026-03-17 21:48:53', '2026-03-22 21:13:49'),
(2, 15, 'vip', 90000, '2026-03-17 21:48:53', '2026-03-22 21:13:55'),
(3, 15, 'sweetbox', 120000, '2026-03-17 21:48:53', '2026-03-22 21:13:59'),
(4, 16, 'normal', 70000, '2026-03-22 21:16:56', '2026-03-22 21:16:56'),
(5, 16, 'vip', 90000, '2026-03-22 21:16:56', '2026-03-22 21:16:56'),
(6, 16, 'sweetbox', 120000, '2026-03-22 21:16:56', '2026-03-22 21:16:56'),
(7, 17, 'normal', 70000, '2026-03-22 21:18:32', '2026-03-22 21:18:32'),
(8, 17, 'vip', 90000, '2026-03-22 21:18:32', '2026-03-22 21:18:32'),
(9, 17, 'sweetbox', 120000, '2026-03-22 21:18:32', '2026-03-22 21:18:32'),
(10, 18, 'normal', 70000, '2026-03-22 21:19:46', '2026-03-22 21:19:46'),
(11, 18, 'vip', 90000, '2026-03-22 21:19:46', '2026-03-22 21:19:46'),
(12, 18, 'sweetbox', 120000, '2026-03-22 21:19:46', '2026-03-22 21:19:46'),
(13, 14, 'normal', 70000, '2026-03-22 21:22:28', '2026-03-22 21:22:28'),
(14, 14, 'vip', 90000, '2026-03-22 21:22:28', '2026-03-22 21:22:28'),
(15, 14, 'sweetbox', 120000, '2026-03-22 21:22:28', '2026-03-22 21:22:28'),
(16, 19, 'normal', 70000, '2026-03-22 22:34:17', '2026-03-22 22:34:17'),
(17, 12, 'vip', 90000, '2026-03-22 22:34:17', '2026-03-22 22:34:17'),
(18, 19, 'sweetbox', 120000, '2026-03-22 22:34:17', '2026-03-22 22:34:17'),
(19, 20, 'normal', 70000, '2026-03-22 22:34:59', '2026-03-22 22:34:59'),
(20, 20, 'vip', 90000, '2026-03-22 22:34:59', '2026-03-22 22:34:59'),
(21, 20, 'sweetbox', 120000, '2026-03-22 22:34:59', '2026-03-22 22:34:59'),
(22, 22, 'normal', 70000, '2026-03-22 22:37:33', '2026-03-22 22:37:33'),
(23, 22, 'vip', 90000, '2026-03-22 22:37:33', '2026-03-22 22:37:33'),
(24, 22, 'sweetbox', 120000, '2026-03-22 22:37:33', '2026-03-22 22:37:33'),
(25, 23, 'normal', 70000, '2026-03-22 22:44:04', '2026-03-22 22:44:04'),
(26, 23, 'vip', 90000, '2026-03-22 22:44:04', '2026-03-22 22:44:04'),
(27, 23, 'sweetbox', 120000, '2026-03-22 22:44:04', '2026-03-22 22:44:04'),
(28, 24, 'normal', 70000, '2026-03-22 22:44:04', '2026-03-22 22:44:04'),
(29, 24, 'vip', 90000, '2026-03-22 22:44:04', '2026-03-22 22:44:04'),
(30, 24, 'sweetbox', 120000, '2026-03-22 22:44:04', '2026-03-22 22:44:04'),
(31, 25, 'normal', 70000, '2026-03-22 22:44:04', '2026-03-22 22:44:04'),
(32, 25, 'vip', 90000, '2026-03-22 22:44:04', '2026-03-22 22:44:04'),
(33, 25, 'sweetbox', 120000, '2026-03-22 22:44:04', '2026-03-22 22:44:04'),
(34, 26, 'normal', 70000, '2026-03-22 22:44:04', '2026-03-22 22:44:04'),
(35, 26, 'vip', 90000, '2026-03-22 22:44:04', '2026-03-22 22:44:04'),
(36, 26, 'sweetbox', 120000, '2026-03-22 22:44:04', '2026-03-22 22:44:04'),
(37, 40, 'normal', 45000, '2026-04-17 20:09:37', '2026-04-17 20:09:37'),
(38, 40, 'vip', 65000, '2026-04-17 20:09:37', '2026-04-17 20:09:37'),
(39, 40, 'sweetbox', 120000, '2026-04-17 20:09:37', '2026-04-17 20:09:37'),
(40, 53, 'normal', 45000, '2026-04-17 22:32:04', '2026-04-17 22:32:04'),
(41, 53, 'vip', 65000, '2026-04-17 22:32:04', '2026-04-17 22:32:04'),
(42, 53, 'sweetbox', 120000, '2026-04-17 22:32:04', '2026-04-17 22:32:04'),
(43, 54, 'normal', 45000, '2026-04-17 22:32:18', '2026-04-17 22:32:18'),
(44, 54, 'vip', 65000, '2026-04-17 22:32:18', '2026-04-17 22:32:18'),
(45, 54, 'sweetbox', 120000, '2026-04-17 22:32:18', '2026-04-17 22:32:18');

-- --------------------------------------------------------

--
-- Table structure for table `showtime_seats`
--

CREATE TABLE `showtime_seats` (
  `id` int(11) NOT NULL COMMENT 'ID ghế trong suất chiếu',
  `showtime_id` int(11) NOT NULL COMMENT 'Suất chiếu',
  `seat_id` int(11) NOT NULL COMMENT 'Ghế',
  `status` enum('available','holding','booked') DEFAULT 'available' COMMENT 'Trạng thái ghế',
  `held_by` varchar(50) DEFAULT NULL,
  `hold_until` datetime DEFAULT NULL COMMENT 'Thời gian giữ ghế tới'
) ENGINE=InnoDB DEFAULT CHARSET=utf8mb4 COLLATE=utf8mb4_general_ci;

--
-- Dumping data for table `showtime_seats`
--

INSERT INTO `showtime_seats` (`id`, `showtime_id`, `seat_id`, `status`, `held_by`, `hold_until`) VALUES
(1, 2, 1, 'available', NULL, NULL),
(2, 2, 10, 'available', NULL, NULL),
(3, 2, 11, 'available', NULL, NULL),
(4, 2, 2, 'available', NULL, NULL),
(5, 2, 3, 'available', NULL, NULL),
(6, 2, 4, 'available', NULL, NULL),
(7, 2, 5, 'available', NULL, NULL),
(8, 2, 6, 'available', NULL, NULL),
(9, 2, 7, 'available', NULL, NULL),
(10, 2, 8, 'available', NULL, NULL),
(11, 2, 9, 'available', NULL, NULL),
(12, 2, 12, 'available', NULL, NULL),
(13, 2, 21, 'available', NULL, NULL),
(14, 2, 22, 'available', NULL, NULL),
(15, 2, 13, 'available', NULL, NULL),
(16, 2, 14, 'available', NULL, NULL),
(17, 2, 15, 'available', NULL, NULL),
(18, 2, 16, 'available', NULL, NULL),
(19, 2, 17, 'available', NULL, NULL),
(20, 2, 18, 'available', NULL, NULL),
(21, 2, 19, 'available', NULL, NULL),
(22, 2, 20, 'available', NULL, NULL),
(23, 2, 23, 'available', NULL, NULL),
(24, 2, 32, 'available', NULL, NULL),
(25, 2, 33, 'available', NULL, NULL),
(26, 2, 24, 'available', NULL, NULL),
(27, 2, 25, 'available', NULL, NULL),
(28, 2, 26, 'available', NULL, NULL),
(29, 2, 27, 'available', NULL, NULL),
(30, 2, 28, 'available', NULL, NULL),
(31, 2, 29, 'available', NULL, NULL),
(32, 2, 30, 'available', NULL, NULL),
(33, 2, 31, 'available', NULL, NULL),
(34, 2, 34, 'available', NULL, NULL),
(35, 2, 43, 'available', NULL, NULL),
(36, 2, 44, 'available', NULL, NULL),
(37, 2, 35, 'available', NULL, NULL),
(38, 2, 36, 'available', NULL, NULL),
(39, 2, 37, 'available', NULL, NULL),
(40, 2, 38, 'available', NULL, NULL),
(41, 2, 39, 'available', NULL, NULL),
(42, 2, 40, 'available', NULL, NULL),
(43, 2, 41, 'available', NULL, NULL),
(44, 2, 42, 'available', NULL, NULL),
(45, 2, 45, 'available', NULL, NULL),
(46, 2, 54, 'available', NULL, NULL),
(47, 2, 55, 'available', NULL, NULL),
(48, 2, 46, 'available', NULL, NULL),
(49, 2, 47, 'available', NULL, NULL),
(50, 2, 48, 'available', NULL, NULL),
(51, 2, 49, 'available', NULL, NULL),
(52, 2, 50, 'available', NULL, NULL),
(53, 2, 51, 'available', NULL, NULL),
(54, 2, 52, 'available', NULL, NULL),
(55, 2, 53, 'available', NULL, NULL),
(56, 2, 56, 'available', NULL, NULL),
(57, 2, 65, 'available', NULL, NULL),
(58, 2, 66, 'available', NULL, NULL),
(59, 2, 57, 'available', NULL, NULL),
(60, 2, 58, 'available', NULL, NULL),
(61, 2, 59, 'available', NULL, NULL),
(62, 2, 60, 'available', NULL, NULL),
(63, 2, 61, 'available', NULL, NULL),
(64, 2, 62, 'available', NULL, NULL),
(65, 2, 63, 'available', NULL, NULL),
(66, 2, 64, 'available', NULL, NULL),
(67, 2, 67, 'available', NULL, NULL),
(68, 2, 76, 'available', NULL, NULL),
(69, 2, 77, 'available', NULL, NULL),
(70, 2, 68, 'available', NULL, NULL),
(71, 2, 69, 'available', NULL, NULL),
(72, 2, 70, 'available', NULL, NULL),
(73, 2, 71, 'available', NULL, NULL),
(74, 2, 72, 'available', NULL, NULL),
(75, 2, 73, 'available', NULL, NULL),
(76, 2, 74, 'available', NULL, NULL),
(77, 2, 75, 'available', NULL, NULL),
(78, 2, 78, 'available', NULL, NULL),
(79, 2, 87, 'available', NULL, NULL),
(80, 2, 88, 'available', NULL, NULL),
(81, 2, 79, 'available', NULL, NULL),
(82, 2, 80, 'available', NULL, NULL),
(83, 2, 81, 'available', NULL, NULL),
(84, 2, 82, 'available', NULL, NULL),
(85, 2, 83, 'available', NULL, NULL),
(86, 2, 84, 'available', NULL, NULL),
(87, 2, 85, 'available', NULL, NULL),
(88, 2, 86, 'available', NULL, NULL),
(128, 3, 1, 'available', NULL, NULL),
(129, 3, 10, 'available', NULL, NULL),
(130, 3, 11, 'available', NULL, NULL),
(131, 3, 2, 'available', NULL, NULL),
(132, 3, 3, 'available', NULL, NULL),
(133, 3, 4, 'available', NULL, NULL),
(134, 3, 5, 'available', NULL, NULL),
(135, 3, 6, 'available', NULL, NULL),
(136, 3, 7, 'available', NULL, NULL),
(137, 3, 8, 'available', NULL, NULL),
(138, 3, 9, 'available', NULL, NULL),
(139, 3, 12, 'available', NULL, NULL),
(140, 3, 21, 'available', NULL, NULL),
(141, 3, 22, 'available', NULL, NULL),
(142, 3, 13, 'available', NULL, NULL),
(143, 3, 14, 'available', NULL, NULL),
(144, 3, 15, 'available', NULL, NULL),
(145, 3, 16, 'available', NULL, NULL),
(146, 3, 17, 'available', NULL, NULL),
(147, 3, 18, 'available', NULL, NULL),
(148, 3, 19, 'available', NULL, NULL),
(149, 3, 20, 'available', NULL, NULL),
(150, 3, 23, 'available', NULL, NULL),
(151, 3, 32, 'available', NULL, NULL),
(152, 3, 33, 'available', NULL, NULL),
(153, 3, 24, 'available', NULL, NULL),
(154, 3, 25, 'available', NULL, NULL),
(155, 3, 26, 'available', NULL, NULL),
(156, 3, 27, 'available', NULL, NULL),
(157, 3, 28, 'available', NULL, NULL),
(158, 3, 29, 'available', NULL, NULL),
(159, 3, 30, 'available', NULL, NULL),
(160, 3, 31, 'available', NULL, NULL),
(161, 3, 34, 'available', NULL, NULL),
(162, 3, 43, 'available', NULL, NULL),
(163, 3, 44, 'available', NULL, NULL),
(164, 3, 35, 'available', NULL, NULL),
(165, 3, 36, 'available', NULL, NULL),
(166, 3, 37, 'available', NULL, NULL),
(167, 3, 38, 'available', NULL, NULL),
(168, 3, 39, 'available', NULL, NULL),
(169, 3, 40, 'available', NULL, NULL),
(170, 3, 41, 'available', NULL, NULL),
(171, 3, 42, 'available', NULL, NULL),
(172, 3, 45, 'available', NULL, NULL),
(173, 3, 54, 'available', NULL, NULL),
(174, 3, 55, 'available', NULL, NULL),
(175, 3, 46, 'available', NULL, NULL),
(176, 3, 47, 'available', NULL, NULL),
(177, 3, 48, 'available', NULL, NULL),
(178, 3, 49, 'available', NULL, NULL),
(179, 3, 50, 'available', NULL, NULL),
(180, 3, 51, 'available', NULL, NULL),
(181, 3, 52, 'available', NULL, NULL),
(182, 3, 53, 'available', NULL, NULL),
(183, 3, 56, 'available', NULL, NULL),
(184, 3, 65, 'available', NULL, NULL),
(185, 3, 66, 'available', NULL, NULL),
(186, 3, 57, 'available', NULL, NULL),
(187, 3, 58, 'available', NULL, NULL),
(188, 3, 59, 'available', NULL, NULL),
(189, 3, 60, 'available', NULL, NULL),
(190, 3, 61, 'available', NULL, NULL),
(191, 3, 62, 'available', NULL, NULL),
(192, 3, 63, 'available', NULL, NULL),
(193, 3, 64, 'available', NULL, NULL),
(194, 3, 67, 'available', NULL, NULL),
(195, 3, 76, 'available', NULL, NULL),
(196, 3, 77, 'available', NULL, NULL),
(197, 3, 68, 'available', NULL, NULL),
(198, 3, 69, 'available', NULL, NULL),
(199, 3, 70, 'available', NULL, NULL),
(200, 3, 71, 'available', NULL, NULL),
(201, 3, 72, 'available', NULL, NULL),
(202, 3, 73, 'available', NULL, NULL),
(203, 3, 74, 'available', NULL, NULL),
(204, 3, 75, 'available', NULL, NULL),
(205, 3, 78, 'available', NULL, NULL),
(206, 3, 87, 'available', NULL, NULL),
(207, 3, 88, 'available', NULL, NULL),
(208, 3, 79, 'available', NULL, NULL),
(209, 3, 80, 'available', NULL, NULL),
(210, 3, 81, 'available', NULL, NULL),
(211, 3, 82, 'available', NULL, NULL),
(212, 3, 83, 'available', NULL, NULL),
(213, 3, 84, 'available', NULL, NULL),
(214, 3, 85, 'available', NULL, NULL),
(215, 3, 86, 'available', NULL, NULL),
(255, 4, 1, 'available', NULL, NULL),
(256, 4, 10, 'available', NULL, NULL),
(257, 4, 11, 'available', NULL, NULL),
(258, 4, 2, 'available', NULL, NULL),
(259, 4, 3, 'available', NULL, NULL),
(260, 4, 4, 'available', NULL, NULL),
(261, 4, 5, 'available', NULL, NULL),
(262, 4, 6, 'available', NULL, NULL),
(263, 4, 7, 'available', NULL, NULL),
(264, 4, 8, 'available', NULL, NULL),
(265, 4, 9, 'available', NULL, NULL),
(266, 4, 12, 'available', NULL, NULL),
(267, 4, 21, 'available', NULL, NULL),
(268, 4, 22, 'available', NULL, NULL),
(269, 4, 13, 'available', NULL, NULL),
(270, 4, 14, 'available', NULL, NULL),
(271, 4, 15, 'available', NULL, NULL),
(272, 4, 16, 'available', NULL, NULL),
(273, 4, 17, 'available', NULL, NULL),
(274, 4, 18, 'available', NULL, NULL),
(275, 4, 19, 'available', NULL, NULL),
(276, 4, 20, 'available', NULL, NULL),
(277, 4, 23, 'available', NULL, NULL),
(278, 4, 32, 'available', NULL, NULL),
(279, 4, 33, 'available', NULL, NULL),
(280, 4, 24, 'available', NULL, NULL),
(281, 4, 25, 'available', NULL, NULL),
(282, 4, 26, 'available', NULL, NULL),
(283, 4, 27, 'available', NULL, NULL),
(284, 4, 28, 'available', NULL, NULL),
(285, 4, 29, 'available', NULL, NULL),
(286, 4, 30, 'available', NULL, NULL),
(287, 4, 31, 'available', NULL, NULL),
(288, 4, 34, 'available', NULL, NULL),
(289, 4, 43, 'available', NULL, NULL),
(290, 4, 44, 'available', NULL, NULL),
(291, 4, 35, 'available', NULL, NULL),
(292, 4, 36, 'available', NULL, NULL),
(293, 4, 37, 'available', NULL, NULL),
(294, 4, 38, 'available', NULL, NULL),
(295, 4, 39, 'available', NULL, NULL),
(296, 4, 40, 'available', NULL, NULL),
(297, 4, 41, 'available', NULL, NULL),
(298, 4, 42, 'available', NULL, NULL),
(299, 4, 45, 'available', NULL, NULL),
(300, 4, 54, 'available', NULL, NULL),
(301, 4, 55, 'available', NULL, NULL),
(302, 4, 46, 'available', NULL, NULL),
(303, 4, 47, 'available', NULL, NULL),
(304, 4, 48, 'available', NULL, NULL),
(305, 4, 49, 'available', NULL, NULL),
(306, 4, 50, 'available', NULL, NULL),
(307, 4, 51, 'available', NULL, NULL),
(308, 4, 52, 'available', NULL, NULL),
(309, 4, 53, 'available', NULL, NULL),
(310, 4, 56, 'available', NULL, NULL),
(311, 4, 65, 'available', NULL, NULL),
(312, 4, 66, 'available', NULL, NULL),
(313, 4, 57, 'available', NULL, NULL),
(314, 4, 58, 'available', NULL, NULL),
(315, 4, 59, 'available', NULL, NULL),
(316, 4, 60, 'available', NULL, NULL),
(317, 4, 61, 'available', NULL, NULL),
(318, 4, 62, 'available', NULL, NULL),
(319, 4, 63, 'available', NULL, NULL),
(320, 4, 64, 'available', NULL, NULL),
(321, 4, 67, 'available', NULL, NULL),
(322, 4, 76, 'available', NULL, NULL),
(323, 4, 77, 'available', NULL, NULL),
(324, 4, 68, 'available', NULL, NULL),
(325, 4, 69, 'available', NULL, NULL),
(326, 4, 70, 'available', NULL, NULL),
(327, 4, 71, 'available', NULL, NULL),
(328, 4, 72, 'available', NULL, NULL),
(329, 4, 73, 'available', NULL, NULL),
(330, 4, 74, 'available', NULL, NULL),
(331, 4, 75, 'available', NULL, NULL),
(332, 4, 78, 'available', NULL, NULL),
(333, 4, 87, 'available', NULL, NULL),
(334, 4, 88, 'available', NULL, NULL),
(335, 4, 79, 'available', NULL, NULL),
(336, 4, 80, 'available', NULL, NULL),
(337, 4, 81, 'available', NULL, NULL),
(338, 4, 82, 'available', NULL, NULL),
(339, 4, 83, 'available', NULL, NULL),
(340, 4, 84, 'available', NULL, NULL),
(341, 4, 85, 'available', NULL, NULL),
(342, 4, 86, 'available', NULL, NULL),
(382, 5, 1, 'available', NULL, NULL),
(383, 5, 10, 'available', NULL, NULL),
(384, 5, 11, 'available', NULL, NULL),
(385, 5, 2, 'available', NULL, NULL),
(386, 5, 3, 'available', NULL, NULL),
(387, 5, 4, 'available', NULL, NULL),
(388, 5, 5, 'available', NULL, NULL),
(389, 5, 6, 'available', NULL, NULL),
(390, 5, 7, 'available', NULL, NULL),
(391, 5, 8, 'available', NULL, NULL),
(392, 5, 9, 'available', NULL, NULL),
(393, 5, 12, 'available', NULL, NULL),
(394, 5, 21, 'available', NULL, NULL),
(395, 5, 22, 'available', NULL, NULL),
(396, 5, 13, 'available', NULL, NULL),
(397, 5, 14, 'available', NULL, NULL),
(398, 5, 15, 'available', NULL, NULL),
(399, 5, 16, 'available', NULL, NULL),
(400, 5, 17, 'available', NULL, NULL),
(401, 5, 18, 'available', NULL, NULL),
(402, 5, 19, 'available', NULL, NULL),
(403, 5, 20, 'available', NULL, NULL),
(404, 5, 23, 'available', NULL, NULL),
(405, 5, 32, 'available', NULL, NULL),
(406, 5, 33, 'available', NULL, NULL),
(407, 5, 24, 'available', NULL, NULL),
(408, 5, 25, 'available', NULL, NULL),
(409, 5, 26, 'available', NULL, NULL),
(410, 5, 27, 'available', NULL, NULL),
(411, 5, 28, 'available', NULL, NULL),
(412, 5, 29, 'available', NULL, NULL),
(413, 5, 30, 'available', NULL, NULL),
(414, 5, 31, 'available', NULL, NULL),
(415, 5, 34, 'available', NULL, NULL),
(416, 5, 43, 'available', NULL, NULL),
(417, 5, 44, 'available', NULL, NULL),
(418, 5, 35, 'available', NULL, NULL),
(419, 5, 36, 'available', NULL, NULL),
(420, 5, 37, 'available', NULL, NULL),
(421, 5, 38, 'available', NULL, NULL),
(422, 5, 39, 'available', NULL, NULL),
(423, 5, 40, 'available', NULL, NULL),
(424, 5, 41, 'available', NULL, NULL),
(425, 5, 42, 'available', NULL, NULL),
(426, 5, 45, 'available', NULL, NULL),
(427, 5, 54, 'available', NULL, NULL),
(428, 5, 55, 'available', NULL, NULL),
(429, 5, 46, 'available', NULL, NULL),
(430, 5, 47, 'available', NULL, NULL),
(431, 5, 48, 'available', NULL, NULL),
(432, 5, 49, 'available', NULL, NULL),
(433, 5, 50, 'available', NULL, NULL),
(434, 5, 51, 'available', NULL, NULL),
(435, 5, 52, 'available', NULL, NULL),
(436, 5, 53, 'available', NULL, NULL),
(437, 5, 56, 'available', NULL, NULL),
(438, 5, 65, 'available', NULL, NULL),
(439, 5, 66, 'available', NULL, NULL),
(440, 5, 57, 'available', NULL, NULL),
(441, 5, 58, 'available', NULL, NULL),
(442, 5, 59, 'available', NULL, NULL),
(443, 5, 60, 'available', NULL, NULL),
(444, 5, 61, 'available', NULL, NULL),
(445, 5, 62, 'available', NULL, NULL),
(446, 5, 63, 'available', NULL, NULL),
(447, 5, 64, 'available', NULL, NULL),
(448, 5, 67, 'available', NULL, NULL),
(449, 5, 76, 'available', NULL, NULL),
(450, 5, 77, 'available', NULL, NULL),
(451, 5, 68, 'available', NULL, NULL),
(452, 5, 69, 'available', NULL, NULL),
(453, 5, 70, 'available', NULL, NULL),
(454, 5, 71, 'available', NULL, NULL),
(455, 5, 72, 'available', NULL, NULL),
(456, 5, 73, 'available', NULL, NULL),
(457, 5, 74, 'available', NULL, NULL),
(458, 5, 75, 'available', NULL, NULL),
(459, 5, 78, 'available', NULL, NULL),
(460, 5, 87, 'available', NULL, NULL),
(461, 5, 88, 'available', NULL, NULL),
(462, 5, 79, 'available', NULL, NULL),
(463, 5, 80, 'available', NULL, NULL),
(464, 5, 81, 'available', NULL, NULL),
(465, 5, 82, 'available', NULL, NULL),
(466, 5, 83, 'available', NULL, NULL),
(467, 5, 84, 'available', NULL, NULL),
(468, 5, 85, 'available', NULL, NULL),
(469, 5, 86, 'available', NULL, NULL),
(509, 8, 1, 'available', NULL, NULL),
(510, 8, 10, 'available', NULL, NULL),
(511, 8, 11, 'available', NULL, NULL),
(512, 8, 2, 'available', NULL, NULL),
(513, 8, 3, 'available', NULL, NULL),
(514, 8, 4, 'available', NULL, NULL),
(515, 8, 5, 'available', NULL, NULL),
(516, 8, 6, 'available', NULL, NULL),
(517, 8, 7, 'available', NULL, NULL),
(518, 8, 8, 'available', NULL, NULL),
(519, 8, 9, 'available', NULL, NULL),
(520, 8, 12, 'available', NULL, NULL),
(521, 8, 21, 'available', NULL, NULL),
(522, 8, 22, 'available', NULL, NULL),
(523, 8, 13, 'available', NULL, NULL),
(524, 8, 14, 'available', NULL, NULL),
(525, 8, 15, 'available', NULL, NULL),
(526, 8, 16, 'available', NULL, NULL),
(527, 8, 17, 'available', NULL, NULL),
(528, 8, 18, 'available', NULL, NULL),
(529, 8, 19, 'available', NULL, NULL),
(530, 8, 20, 'available', NULL, NULL),
(531, 8, 23, 'available', NULL, NULL),
(532, 8, 32, 'available', NULL, NULL),
(533, 8, 33, 'available', NULL, NULL),
(534, 8, 24, 'available', NULL, NULL),
(535, 8, 25, 'available', NULL, NULL),
(536, 8, 26, 'available', NULL, NULL),
(537, 8, 27, 'available', NULL, NULL),
(538, 8, 28, 'available', NULL, NULL),
(539, 8, 29, 'available', NULL, NULL),
(540, 8, 30, 'available', NULL, NULL),
(541, 8, 31, 'available', NULL, NULL),
(542, 8, 34, 'available', NULL, NULL),
(543, 8, 43, 'available', NULL, NULL),
(544, 8, 44, 'available', NULL, NULL),
(545, 8, 35, 'available', NULL, NULL),
(546, 8, 36, 'available', NULL, NULL),
(547, 8, 37, 'available', NULL, NULL),
(548, 8, 38, 'available', NULL, NULL),
(549, 8, 39, 'available', NULL, NULL),
(550, 8, 40, 'available', NULL, NULL),
(551, 8, 41, 'available', NULL, NULL),
(552, 8, 42, 'available', NULL, NULL),
(553, 8, 45, 'available', NULL, NULL),
(554, 8, 54, 'available', NULL, NULL),
(555, 8, 55, 'available', NULL, NULL),
(556, 8, 46, 'available', NULL, NULL),
(557, 8, 47, 'available', NULL, NULL),
(558, 8, 48, 'available', NULL, NULL),
(559, 8, 49, 'available', NULL, NULL),
(560, 8, 50, 'available', NULL, NULL),
(561, 8, 51, 'available', NULL, NULL),
(562, 8, 52, 'available', NULL, NULL),
(563, 8, 53, 'available', NULL, NULL),
(564, 8, 56, 'available', NULL, NULL),
(565, 8, 65, 'available', NULL, NULL),
(566, 8, 66, 'available', NULL, NULL),
(567, 8, 57, 'available', NULL, NULL),
(568, 8, 58, 'available', NULL, NULL),
(569, 8, 59, 'available', NULL, NULL),
(570, 8, 60, 'available', NULL, NULL),
(571, 8, 61, 'available', NULL, NULL),
(572, 8, 62, 'available', NULL, NULL),
(573, 8, 63, 'available', NULL, NULL),
(574, 8, 64, 'available', NULL, NULL),
(575, 8, 67, 'available', NULL, NULL),
(576, 8, 76, 'available', NULL, NULL),
(577, 8, 77, 'available', NULL, NULL),
(578, 8, 68, 'available', NULL, NULL),
(579, 8, 69, 'available', NULL, NULL),
(580, 8, 70, 'available', NULL, NULL),
(581, 8, 71, 'available', NULL, NULL),
(582, 8, 72, 'available', NULL, NULL),
(583, 8, 73, 'available', NULL, NULL),
(584, 8, 74, 'available', NULL, NULL),
(585, 8, 75, 'available', NULL, NULL),
(586, 8, 78, 'available', NULL, NULL),
(587, 8, 87, 'available', NULL, NULL),
(588, 8, 88, 'available', NULL, NULL),
(589, 8, 79, 'available', NULL, NULL),
(590, 8, 80, 'available', NULL, NULL),
(591, 8, 81, 'available', NULL, NULL),
(592, 8, 82, 'available', NULL, NULL),
(593, 8, 83, 'available', NULL, NULL),
(594, 8, 84, 'available', NULL, NULL),
(595, 8, 85, 'available', NULL, NULL),
(596, 8, 86, 'available', NULL, NULL),
(1144, 10, 1, 'available', NULL, NULL),
(1145, 10, 10, 'available', NULL, NULL),
(1146, 10, 11, 'available', NULL, NULL),
(1147, 10, 2, 'available', NULL, NULL),
(1148, 10, 3, 'available', NULL, NULL),
(1149, 10, 4, 'available', NULL, NULL),
(1150, 10, 5, 'available', NULL, NULL),
(1151, 10, 6, 'available', NULL, NULL),
(1152, 10, 7, 'available', NULL, NULL),
(1153, 10, 8, 'available', NULL, NULL),
(1154, 10, 9, 'available', NULL, NULL),
(1155, 10, 12, 'available', NULL, NULL),
(1156, 10, 21, 'available', NULL, NULL),
(1157, 10, 22, 'available', NULL, NULL),
(1158, 10, 13, 'available', NULL, NULL),
(1159, 10, 14, 'available', NULL, NULL),
(1160, 10, 15, 'available', NULL, NULL),
(1161, 10, 16, 'available', NULL, NULL),
(1162, 10, 17, 'available', NULL, NULL),
(1163, 10, 18, 'available', NULL, NULL),
(1164, 10, 19, 'available', NULL, NULL),
(1165, 10, 20, 'available', NULL, NULL),
(1166, 10, 23, 'available', NULL, NULL),
(1167, 10, 32, 'available', NULL, NULL),
(1168, 10, 33, 'available', NULL, NULL),
(1169, 10, 24, 'available', NULL, NULL),
(1170, 10, 25, 'available', NULL, NULL),
(1171, 10, 26, 'available', NULL, NULL),
(1172, 10, 27, 'available', NULL, NULL),
(1173, 10, 28, 'available', NULL, NULL),
(1174, 10, 29, 'available', NULL, NULL),
(1175, 10, 30, 'available', NULL, NULL),
(1176, 10, 31, 'available', NULL, NULL),
(1177, 10, 34, 'available', NULL, NULL),
(1178, 10, 43, 'available', NULL, NULL),
(1179, 10, 44, 'available', NULL, NULL),
(1180, 10, 35, 'available', NULL, NULL),
(1181, 10, 36, 'available', NULL, NULL),
(1182, 10, 37, 'available', NULL, NULL),
(1183, 10, 38, 'booked', NULL, NULL),
(1184, 10, 39, 'booked', NULL, NULL),
(1185, 10, 40, 'available', NULL, NULL),
(1186, 10, 41, 'available', NULL, NULL),
(1187, 10, 42, 'available', NULL, NULL),
(1188, 10, 45, 'available', NULL, NULL),
(1189, 10, 54, 'available', NULL, NULL),
(1190, 10, 55, 'available', NULL, NULL),
(1191, 10, 46, 'available', NULL, NULL),
(1192, 10, 47, 'available', NULL, NULL),
(1193, 10, 48, 'available', NULL, NULL),
(1194, 10, 49, 'booked', NULL, NULL),
(1195, 10, 50, 'available', NULL, NULL),
(1196, 10, 51, 'available', NULL, NULL),
(1197, 10, 52, 'available', NULL, NULL),
(1198, 10, 53, 'available', NULL, NULL),
(1199, 10, 56, 'available', NULL, NULL),
(1200, 10, 65, 'available', NULL, NULL),
(1201, 10, 66, 'available', NULL, NULL),
(1202, 10, 57, 'available', NULL, NULL),
(1203, 10, 58, 'available', NULL, NULL),
(1204, 10, 59, 'available', NULL, NULL),
(1205, 10, 60, 'available', NULL, NULL),
(1206, 10, 61, 'available', NULL, NULL),
(1207, 10, 62, 'available', NULL, NULL),
(1208, 10, 63, 'available', NULL, NULL),
(1209, 10, 64, 'available', NULL, NULL),
(1210, 10, 67, 'available', NULL, NULL),
(1211, 10, 76, 'available', NULL, NULL),
(1212, 10, 77, 'available', NULL, NULL),
(1213, 10, 68, 'available', NULL, NULL),
(1214, 10, 69, 'available', NULL, NULL),
(1215, 10, 70, 'available', NULL, NULL),
(1216, 10, 71, 'available', NULL, NULL),
(1217, 10, 72, 'available', NULL, NULL),
(1218, 10, 73, 'available', NULL, NULL),
(1219, 10, 74, 'available', NULL, NULL),
(1220, 10, 75, 'available', NULL, NULL),
(1221, 10, 78, 'available', NULL, NULL),
(1222, 10, 87, 'available', NULL, NULL),
(1223, 10, 88, 'available', NULL, NULL),
(1224, 10, 79, 'available', NULL, NULL),
(1225, 10, 80, 'available', NULL, NULL),
(1226, 10, 81, 'available', NULL, NULL),
(1227, 10, 82, 'available', NULL, NULL),
(1228, 10, 83, 'available', NULL, NULL),
(1229, 10, 84, 'available', NULL, NULL),
(1230, 10, 85, 'available', NULL, NULL),
(1231, 10, 86, 'available', NULL, NULL),
(1398, 11, 1, 'available', NULL, NULL),
(1399, 11, 10, 'available', NULL, NULL),
(1400, 11, 11, 'available', NULL, NULL),
(1401, 11, 2, 'available', NULL, NULL),
(1402, 11, 3, 'available', NULL, NULL),
(1403, 11, 4, 'available', NULL, NULL),
(1404, 11, 5, 'available', NULL, NULL),
(1405, 11, 6, 'available', NULL, NULL),
(1406, 11, 7, 'available', NULL, NULL),
(1407, 11, 8, 'available', NULL, NULL),
(1408, 11, 9, 'available', NULL, NULL),
(1409, 11, 12, 'available', NULL, NULL),
(1410, 11, 21, 'available', NULL, NULL),
(1411, 11, 22, 'available', NULL, NULL),
(1412, 11, 13, 'available', NULL, NULL),
(1413, 11, 14, 'available', NULL, NULL),
(1414, 11, 15, 'available', NULL, NULL),
(1415, 11, 16, 'available', NULL, NULL),
(1416, 11, 17, 'available', NULL, NULL),
(1417, 11, 18, 'available', NULL, NULL),
(1418, 11, 19, 'available', NULL, NULL),
(1419, 11, 20, 'available', NULL, NULL),
(1420, 11, 23, 'available', NULL, NULL),
(1421, 11, 32, 'available', NULL, NULL),
(1422, 11, 33, 'available', NULL, NULL),
(1423, 11, 24, 'available', NULL, NULL),
(1424, 11, 25, 'available', NULL, NULL),
(1425, 11, 26, 'available', NULL, NULL),
(1426, 11, 27, 'available', NULL, NULL),
(1427, 11, 28, 'available', NULL, NULL),
(1428, 11, 29, 'available', NULL, NULL),
(1429, 11, 30, 'available', NULL, NULL),
(1430, 11, 31, 'available', NULL, NULL),
(1431, 11, 34, 'available', NULL, NULL),
(1432, 11, 43, 'available', NULL, NULL),
(1433, 11, 44, 'available', NULL, NULL),
(1434, 11, 35, 'available', NULL, NULL),
(1435, 11, 36, 'available', NULL, NULL),
(1436, 11, 37, 'available', NULL, NULL),
(1437, 11, 38, 'available', NULL, NULL),
(1438, 11, 39, 'available', NULL, NULL),
(1439, 11, 40, 'available', NULL, NULL),
(1440, 11, 41, 'available', NULL, NULL),
(1441, 11, 42, 'available', NULL, NULL),
(1442, 11, 45, 'available', NULL, NULL),
(1443, 11, 54, 'available', NULL, NULL),
(1444, 11, 55, 'available', NULL, NULL),
(1445, 11, 46, 'available', NULL, NULL),
(1446, 11, 47, 'available', NULL, NULL),
(1447, 11, 48, 'available', NULL, NULL),
(1448, 11, 49, 'available', NULL, NULL),
(1449, 11, 50, 'available', NULL, NULL),
(1450, 11, 51, 'available', NULL, NULL),
(1451, 11, 52, 'available', NULL, NULL),
(1452, 11, 53, 'available', NULL, NULL),
(1453, 11, 56, 'available', NULL, NULL),
(1454, 11, 65, 'available', NULL, NULL),
(1455, 11, 66, 'available', NULL, NULL),
(1456, 11, 57, 'available', NULL, NULL),
(1457, 11, 58, 'available', NULL, NULL),
(1458, 11, 59, 'available', NULL, NULL),
(1459, 11, 60, 'available', NULL, NULL),
(1460, 11, 61, 'available', NULL, NULL),
(1461, 11, 62, 'available', NULL, NULL),
(1462, 11, 63, 'available', NULL, NULL),
(1463, 11, 64, 'available', NULL, NULL),
(1464, 11, 67, 'available', NULL, NULL),
(1465, 11, 76, 'available', NULL, NULL),
(1466, 11, 77, 'available', NULL, NULL),
(1467, 11, 68, 'available', NULL, NULL),
(1468, 11, 69, 'available', NULL, NULL),
(1469, 11, 70, 'available', NULL, NULL),
(1470, 11, 71, 'available', NULL, NULL),
(1471, 11, 72, 'available', NULL, NULL),
(1472, 11, 73, 'available', NULL, NULL),
(1473, 11, 74, 'available', NULL, NULL),
(1474, 11, 75, 'available', NULL, NULL),
(1475, 11, 78, 'available', NULL, NULL),
(1476, 11, 87, 'available', NULL, NULL),
(1477, 11, 88, 'available', NULL, NULL),
(1478, 11, 79, 'available', NULL, NULL),
(1479, 11, 80, 'available', NULL, NULL),
(1480, 11, 81, 'available', NULL, NULL),
(1481, 11, 82, 'available', NULL, NULL),
(1482, 11, 83, 'available', NULL, NULL),
(1483, 11, 84, 'available', NULL, NULL),
(1484, 11, 85, 'available', NULL, NULL),
(1485, 11, 86, 'available', NULL, NULL),
(1613, 12, 1, 'available', NULL, NULL),
(1614, 12, 10, 'available', NULL, NULL),
(1615, 12, 11, 'available', NULL, NULL),
(1616, 12, 2, 'available', NULL, NULL),
(1617, 12, 3, 'available', NULL, NULL),
(1618, 12, 4, 'available', NULL, NULL),
(1619, 12, 5, 'booked', NULL, NULL),
(1620, 12, 6, 'booked', NULL, NULL),
(1621, 12, 7, 'available', NULL, NULL),
(1622, 12, 8, 'available', NULL, NULL),
(1623, 12, 9, 'available', NULL, NULL),
(1624, 12, 12, 'available', NULL, NULL),
(1625, 12, 21, 'available', NULL, NULL),
(1626, 12, 22, 'available', NULL, NULL),
(1627, 12, 13, 'available', NULL, NULL),
(1628, 12, 14, 'available', NULL, NULL),
(1629, 12, 15, 'available', NULL, NULL),
(1630, 12, 16, 'available', NULL, NULL),
(1631, 12, 17, 'available', NULL, NULL),
(1632, 12, 18, 'available', NULL, NULL),
(1633, 12, 19, 'available', NULL, NULL),
(1634, 12, 20, 'available', NULL, NULL),
(1635, 12, 23, 'booked', NULL, NULL),
(1636, 12, 32, 'available', NULL, NULL),
(1637, 12, 33, 'available', NULL, NULL),
(1638, 12, 24, 'available', NULL, NULL),
(1639, 12, 25, 'booked', NULL, NULL),
(1640, 12, 26, 'available', NULL, NULL),
(1641, 12, 27, 'booked', NULL, NULL),
(1642, 12, 28, 'available', NULL, NULL),
(1643, 12, 29, 'available', NULL, NULL),
(1644, 12, 30, 'booked', NULL, NULL),
(1645, 12, 31, 'booked', NULL, NULL),
(1646, 12, 34, 'available', NULL, NULL),
(1647, 12, 43, 'available', NULL, NULL),
(1648, 12, 44, 'booked', NULL, NULL),
(1649, 12, 35, 'available', NULL, NULL),
(1650, 12, 36, 'booked', NULL, NULL),
(1651, 12, 37, 'booked', NULL, NULL),
(1652, 12, 38, 'booked', NULL, NULL),
(1653, 12, 39, 'available', NULL, NULL),
(1654, 12, 40, 'booked', NULL, NULL),
(1655, 12, 41, 'available', NULL, NULL),
(1656, 12, 42, 'available', NULL, NULL),
(1657, 12, 45, 'available', NULL, NULL),
(1658, 12, 54, 'booked', NULL, NULL),
(1659, 12, 55, 'available', NULL, NULL),
(1660, 12, 46, 'booked', NULL, NULL),
(1661, 12, 47, 'available', NULL, NULL),
(1662, 12, 48, 'booked', NULL, NULL),
(1663, 12, 49, 'available', NULL, NULL),
(1664, 12, 50, 'available', NULL, NULL),
(1665, 12, 51, 'booked', NULL, NULL),
(1666, 12, 52, 'booked', NULL, NULL),
(1667, 12, 53, 'available', NULL, NULL),
(1668, 12, 56, 'available', NULL, NULL),
(1669, 12, 65, 'booked', NULL, NULL),
(1670, 12, 66, 'booked', NULL, NULL),
(1671, 12, 57, 'available', NULL, NULL),
(1672, 12, 58, 'booked', NULL, NULL),
(1673, 12, 59, 'booked', NULL, NULL),
(1674, 12, 60, 'booked', NULL, NULL),
(1675, 12, 61, 'booked', NULL, NULL),
(1676, 12, 62, 'booked', NULL, NULL),
(1677, 12, 63, 'available', NULL, NULL),
(1678, 12, 64, 'available', NULL, NULL),
(1679, 12, 67, 'available', NULL, NULL),
(1680, 12, 76, 'available', NULL, NULL),
(1681, 12, 77, 'available', NULL, NULL),
(1682, 12, 68, 'available', NULL, NULL),
(1683, 12, 69, 'available', NULL, NULL),
(1684, 12, 70, 'available', NULL, NULL),
(1685, 12, 71, 'available', NULL, NULL),
(1686, 12, 72, 'available', NULL, NULL),
(1687, 12, 73, 'available', NULL, NULL),
(1688, 12, 74, 'booked', NULL, NULL),
(1689, 12, 75, 'available', NULL, NULL),
(1690, 12, 78, 'booked', NULL, NULL),
(1691, 12, 87, 'booked', NULL, NULL),
(1692, 12, 88, 'available', NULL, NULL),
(1693, 12, 79, 'booked', NULL, NULL),
(1694, 12, 80, 'available', NULL, NULL),
(1695, 12, 81, 'available', NULL, NULL),
(1696, 12, 82, 'available', NULL, NULL),
(1697, 12, 83, 'available', NULL, NULL),
(1698, 12, 84, 'booked', NULL, NULL),
(1699, 12, 85, 'booked', NULL, NULL),
(1700, 12, 86, 'booked', NULL, NULL),
(1828, 13, 1, 'available', NULL, NULL),
(1829, 13, 10, 'available', NULL, NULL),
(1830, 13, 11, 'available', NULL, NULL),
(1831, 13, 2, 'available', NULL, NULL),
(1832, 13, 3, 'available', NULL, NULL),
(1833, 13, 4, 'available', NULL, NULL),
(1834, 13, 5, 'available', NULL, NULL),
(1835, 13, 6, 'available', NULL, NULL),
(1836, 13, 7, 'available', NULL, NULL),
(1837, 13, 8, 'available', NULL, NULL),
(1838, 13, 9, 'available', NULL, NULL),
(1839, 13, 12, 'available', NULL, NULL),
(1840, 13, 21, 'available', NULL, NULL),
(1841, 13, 22, 'available', NULL, NULL),
(1842, 13, 13, 'available', NULL, NULL),
(1843, 13, 14, 'available', NULL, NULL),
(1844, 13, 15, 'available', NULL, NULL),
(1845, 13, 16, 'available', NULL, NULL),
(1846, 13, 17, 'available', NULL, NULL),
(1847, 13, 18, 'available', NULL, NULL),
(1848, 13, 19, 'available', NULL, NULL),
(1849, 13, 20, 'available', NULL, NULL),
(1850, 13, 23, 'available', NULL, NULL),
(1851, 13, 32, 'available', NULL, NULL),
(1852, 13, 33, 'available', NULL, NULL),
(1853, 13, 24, 'available', NULL, NULL),
(1854, 13, 25, 'available', NULL, NULL),
(1855, 13, 26, 'available', NULL, NULL),
(1856, 13, 27, 'available', NULL, NULL),
(1857, 13, 28, 'available', NULL, NULL),
(1858, 13, 29, 'available', NULL, NULL),
(1859, 13, 30, 'available', NULL, NULL),
(1860, 13, 31, 'available', NULL, NULL),
(1861, 13, 34, 'available', NULL, NULL),
(1862, 13, 43, 'available', NULL, NULL),
(1863, 13, 44, 'available', NULL, NULL),
(1864, 13, 35, 'available', NULL, NULL),
(1865, 13, 36, 'available', NULL, NULL),
(1866, 13, 37, 'available', NULL, NULL),
(1867, 13, 38, 'available', NULL, NULL),
(1868, 13, 39, 'available', NULL, NULL),
(1869, 13, 40, 'available', NULL, NULL),
(1870, 13, 41, 'available', NULL, NULL),
(1871, 13, 42, 'available', NULL, NULL),
(1872, 13, 45, 'available', NULL, NULL),
(1873, 13, 54, 'available', NULL, NULL),
(1874, 13, 55, 'available', NULL, NULL),
(1875, 13, 46, 'available', NULL, NULL),
(1876, 13, 47, 'available', NULL, NULL),
(1877, 13, 48, 'available', NULL, NULL),
(1878, 13, 49, 'available', NULL, NULL),
(1879, 13, 50, 'available', NULL, NULL),
(1880, 13, 51, 'available', NULL, NULL),
(1881, 13, 52, 'available', NULL, NULL),
(1882, 13, 53, 'available', NULL, NULL),
(1883, 13, 56, 'available', NULL, NULL),
(1884, 13, 65, 'available', NULL, NULL),
(1885, 13, 66, 'available', NULL, NULL),
(1886, 13, 57, 'available', NULL, NULL),
(1887, 13, 58, 'available', NULL, NULL),
(1888, 13, 59, 'available', NULL, NULL),
(1889, 13, 60, 'available', NULL, NULL),
(1890, 13, 61, 'available', NULL, NULL),
(1891, 13, 62, 'available', NULL, NULL),
(1892, 13, 63, 'available', NULL, NULL),
(1893, 13, 64, 'available', NULL, NULL),
(1894, 13, 67, 'available', NULL, NULL),
(1895, 13, 76, 'available', NULL, NULL),
(1896, 13, 77, 'available', NULL, NULL),
(1897, 13, 68, 'available', NULL, NULL),
(1898, 13, 69, 'available', NULL, NULL),
(1899, 13, 70, 'available', NULL, NULL),
(1900, 13, 71, 'available', NULL, NULL),
(1901, 13, 72, 'available', NULL, NULL),
(1902, 13, 73, 'available', NULL, NULL),
(1903, 13, 74, 'available', NULL, NULL),
(1904, 13, 75, 'available', NULL, NULL),
(1905, 13, 78, 'available', NULL, NULL),
(1906, 13, 87, 'available', NULL, NULL),
(1907, 13, 88, 'available', NULL, NULL),
(1908, 13, 79, 'available', NULL, NULL),
(1909, 13, 80, 'available', NULL, NULL),
(1910, 13, 81, 'available', NULL, NULL),
(1911, 13, 82, 'available', NULL, NULL),
(1912, 13, 83, 'available', NULL, NULL),
(1913, 13, 84, 'available', NULL, NULL),
(1914, 13, 85, 'available', NULL, NULL),
(1915, 13, 86, 'available', NULL, NULL),
(2043, 14, 1, 'available', NULL, NULL),
(2044, 14, 10, 'available', NULL, NULL),
(2045, 14, 11, 'available', NULL, NULL),
(2046, 14, 2, 'available', NULL, NULL),
(2047, 14, 3, 'available', NULL, NULL),
(2048, 14, 4, 'available', NULL, NULL),
(2049, 14, 5, 'available', NULL, NULL),
(2050, 14, 6, 'available', NULL, NULL),
(2051, 14, 7, 'available', NULL, NULL),
(2052, 14, 8, 'available', NULL, NULL),
(2053, 14, 9, 'available', NULL, NULL),
(2054, 14, 12, 'available', NULL, NULL),
(2055, 14, 21, 'available', NULL, NULL),
(2056, 14, 22, 'available', NULL, NULL),
(2057, 14, 13, 'available', NULL, NULL),
(2058, 14, 14, 'available', NULL, NULL),
(2059, 14, 15, 'available', NULL, NULL),
(2060, 14, 16, 'available', NULL, NULL),
(2061, 14, 17, 'available', NULL, NULL),
(2062, 14, 18, 'available', NULL, NULL),
(2063, 14, 19, 'available', NULL, NULL),
(2064, 14, 20, 'available', NULL, NULL),
(2065, 14, 23, 'available', NULL, NULL),
(2066, 14, 32, 'available', NULL, NULL),
(2067, 14, 33, 'available', NULL, NULL),
(2068, 14, 24, 'available', NULL, NULL),
(2069, 14, 25, 'available', NULL, NULL),
(2070, 14, 26, 'available', NULL, NULL),
(2071, 14, 27, 'available', NULL, NULL),
(2072, 14, 28, 'available', NULL, NULL),
(2073, 14, 29, 'available', NULL, NULL),
(2074, 14, 30, 'available', NULL, NULL),
(2075, 14, 31, 'available', NULL, NULL),
(2076, 14, 34, 'available', NULL, NULL),
(2077, 14, 43, 'available', NULL, NULL),
(2078, 14, 44, 'available', NULL, NULL),
(2079, 14, 35, 'available', NULL, NULL),
(2080, 14, 36, 'available', NULL, NULL),
(2081, 14, 37, 'booked', NULL, NULL),
(2082, 14, 38, 'booked', NULL, NULL),
(2083, 14, 39, 'available', NULL, NULL),
(2084, 14, 40, 'available', NULL, NULL),
(2085, 14, 41, 'available', NULL, NULL),
(2086, 14, 42, 'available', NULL, NULL),
(2087, 14, 45, 'available', NULL, NULL),
(2088, 14, 54, 'available', NULL, NULL),
(2089, 14, 55, 'available', NULL, NULL),
(2090, 14, 46, 'available', NULL, NULL),
(2091, 14, 47, 'available', NULL, NULL),
(2092, 14, 48, 'available', NULL, NULL),
(2093, 14, 49, 'available', NULL, NULL),
(2094, 14, 50, 'available', NULL, NULL),
(2095, 14, 51, 'available', NULL, NULL),
(2096, 14, 52, 'available', NULL, NULL),
(2097, 14, 53, 'available', NULL, NULL),
(2098, 14, 56, 'available', NULL, NULL),
(2099, 14, 65, 'available', NULL, NULL),
(2100, 14, 66, 'available', NULL, NULL),
(2101, 14, 57, 'available', NULL, NULL),
(2102, 14, 58, 'available', NULL, NULL),
(2103, 14, 59, 'available', NULL, NULL),
(2104, 14, 60, 'available', NULL, NULL),
(2105, 14, 61, 'available', NULL, NULL),
(2106, 14, 62, 'available', NULL, NULL),
(2107, 14, 63, 'available', NULL, NULL),
(2108, 14, 64, 'available', NULL, NULL),
(2109, 14, 67, 'available', NULL, NULL),
(2110, 14, 76, 'available', NULL, NULL),
(2111, 14, 77, 'available', NULL, NULL),
(2112, 14, 68, 'available', NULL, NULL),
(2113, 14, 69, 'available', NULL, NULL),
(2114, 14, 70, 'available', NULL, NULL),
(2115, 14, 71, 'available', NULL, NULL),
(2116, 14, 72, 'available', NULL, NULL),
(2117, 14, 73, 'available', NULL, NULL),
(2118, 14, 74, 'available', NULL, NULL),
(2119, 14, 75, 'available', NULL, NULL),
(2120, 14, 78, 'available', NULL, NULL),
(2121, 14, 87, 'available', NULL, NULL),
(2122, 14, 88, 'available', NULL, NULL),
(2123, 14, 79, 'available', NULL, NULL),
(2124, 14, 80, 'available', NULL, NULL),
(2125, 14, 81, 'available', NULL, NULL),
(2126, 14, 82, 'available', NULL, NULL),
(2127, 14, 83, 'available', NULL, NULL),
(2128, 14, 84, 'available', NULL, NULL),
(2129, 14, 85, 'available', NULL, NULL),
(2130, 14, 86, 'available', NULL, NULL),
(2258, 15, 1, 'available', NULL, NULL),
(2259, 15, 10, 'available', NULL, NULL),
(2260, 15, 11, 'available', NULL, NULL),
(2261, 15, 2, 'available', NULL, NULL),
(2262, 15, 3, 'available', NULL, NULL),
(2263, 15, 4, 'available', NULL, NULL),
(2264, 15, 5, 'available', NULL, NULL),
(2265, 15, 6, 'available', NULL, NULL),
(2266, 15, 7, 'available', NULL, NULL),
(2267, 15, 8, 'available', NULL, NULL),
(2268, 15, 9, 'available', NULL, NULL),
(2269, 15, 12, 'available', NULL, NULL),
(2270, 15, 21, 'available', NULL, NULL),
(2271, 15, 22, 'available', NULL, NULL),
(2272, 15, 13, 'available', NULL, NULL),
(2273, 15, 14, 'available', NULL, NULL),
(2274, 15, 15, 'available', NULL, NULL),
(2275, 15, 16, 'available', NULL, NULL),
(2276, 15, 17, 'available', NULL, NULL),
(2277, 15, 18, 'available', NULL, NULL),
(2278, 15, 19, 'available', NULL, NULL),
(2279, 15, 20, 'available', NULL, NULL),
(2280, 15, 23, 'available', NULL, NULL),
(2281, 15, 32, 'available', NULL, NULL),
(2282, 15, 33, 'available', NULL, NULL),
(2283, 15, 24, 'available', NULL, NULL),
(2284, 15, 25, 'available', NULL, NULL),
(2285, 15, 26, 'available', NULL, NULL),
(2286, 15, 27, 'available', NULL, NULL),
(2287, 15, 28, 'available', NULL, NULL),
(2288, 15, 29, 'booked', NULL, NULL),
(2289, 15, 30, 'booked', NULL, NULL),
(2290, 15, 31, 'available', NULL, NULL),
(2291, 15, 34, 'available', NULL, NULL),
(2292, 15, 43, 'available', NULL, NULL),
(2293, 15, 44, 'available', NULL, NULL),
(2294, 15, 35, 'available', NULL, NULL),
(2295, 15, 36, 'available', NULL, NULL),
(2296, 15, 37, 'available', NULL, NULL),
(2297, 15, 38, 'booked', NULL, NULL),
(2298, 15, 39, 'available', NULL, NULL),
(2299, 15, 40, 'available', NULL, NULL),
(2300, 15, 41, 'available', NULL, NULL),
(2301, 15, 42, 'available', NULL, NULL),
(2302, 15, 45, 'available', NULL, NULL),
(2303, 15, 54, 'available', NULL, NULL),
(2304, 15, 55, 'available', NULL, NULL),
(2305, 15, 46, 'available', NULL, NULL),
(2306, 15, 47, 'available', NULL, NULL),
(2307, 15, 48, 'available', NULL, NULL),
(2308, 15, 49, 'available', NULL, NULL),
(2309, 15, 50, 'available', NULL, NULL),
(2310, 15, 51, 'available', NULL, NULL),
(2311, 15, 52, 'available', NULL, NULL),
(2312, 15, 53, 'available', NULL, NULL),
(2313, 15, 56, 'available', NULL, NULL),
(2314, 15, 65, 'available', NULL, NULL),
(2315, 15, 66, 'booked', NULL, NULL),
(2316, 15, 57, 'available', NULL, NULL),
(2317, 15, 58, 'available', NULL, NULL),
(2318, 15, 59, 'available', NULL, NULL),
(2319, 15, 60, 'available', NULL, NULL),
(2320, 15, 61, 'booked', NULL, NULL),
(2321, 15, 62, 'available', NULL, NULL),
(2322, 15, 63, 'available', NULL, NULL),
(2323, 15, 64, 'available', NULL, NULL),
(2324, 15, 67, 'available', NULL, NULL),
(2325, 15, 76, 'available', NULL, NULL),
(2326, 15, 77, 'available', NULL, NULL),
(2327, 15, 68, 'available', NULL, NULL),
(2328, 15, 69, 'available', NULL, NULL),
(2329, 15, 70, 'available', NULL, NULL),
(2330, 15, 71, 'available', NULL, NULL),
(2331, 15, 72, 'available', NULL, NULL),
(2332, 15, 73, 'available', NULL, NULL),
(2333, 15, 74, 'available', NULL, NULL),
(2334, 15, 75, 'available', NULL, NULL),
(2335, 15, 78, 'available', NULL, NULL),
(2336, 15, 87, 'available', NULL, NULL),
(2337, 15, 88, 'available', NULL, NULL),
(2338, 15, 79, 'available', NULL, NULL),
(2339, 15, 80, 'available', NULL, NULL),
(2340, 15, 81, 'available', NULL, NULL),
(2341, 15, 82, 'available', NULL, NULL),
(2342, 15, 83, 'available', NULL, NULL),
(2343, 15, 84, 'available', NULL, NULL),
(2344, 15, 85, 'available', NULL, NULL),
(2345, 15, 86, 'available', NULL, NULL),
(2512, 16, 89, 'available', NULL, NULL),
(2513, 16, 98, 'available', NULL, NULL),
(2514, 16, 99, 'available', NULL, NULL),
(2515, 16, 90, 'available', NULL, NULL),
(2516, 16, 91, 'available', NULL, NULL),
(2517, 16, 92, 'available', NULL, NULL),
(2518, 16, 93, 'available', NULL, NULL),
(2519, 16, 94, 'available', NULL, NULL),
(2520, 16, 95, 'available', NULL, NULL),
(2521, 16, 96, 'available', NULL, NULL),
(2522, 16, 97, 'available', NULL, NULL),
(2523, 16, 100, 'available', NULL, NULL),
(2524, 16, 109, 'available', NULL, NULL),
(2525, 16, 110, 'available', NULL, NULL),
(2526, 16, 101, 'available', NULL, NULL),
(2527, 16, 102, 'available', NULL, NULL),
(2528, 16, 103, 'available', NULL, NULL),
(2529, 16, 104, 'available', NULL, NULL),
(2530, 16, 105, 'available', NULL, NULL),
(2531, 16, 106, 'available', NULL, NULL),
(2532, 16, 107, 'available', NULL, NULL),
(2533, 16, 108, 'available', NULL, NULL),
(2534, 16, 111, 'available', NULL, NULL),
(2535, 16, 120, 'available', NULL, NULL),
(2536, 16, 121, 'available', NULL, NULL),
(2537, 16, 112, 'available', NULL, NULL),
(2538, 16, 113, 'available', NULL, NULL),
(2539, 16, 114, 'available', NULL, NULL),
(2540, 16, 115, 'available', NULL, NULL),
(2541, 16, 116, 'available', NULL, NULL),
(2542, 16, 117, 'available', NULL, NULL),
(2543, 16, 118, 'available', NULL, NULL),
(2544, 16, 119, 'available', NULL, NULL),
(2545, 16, 122, 'available', NULL, NULL),
(2546, 16, 131, 'available', NULL, NULL),
(2547, 16, 132, 'available', NULL, NULL),
(2548, 16, 123, 'available', NULL, NULL),
(2549, 16, 124, 'available', NULL, NULL),
(2550, 16, 125, 'available', NULL, NULL),
(2551, 16, 126, 'available', NULL, NULL),
(2552, 16, 127, 'available', NULL, NULL),
(2553, 16, 128, 'available', NULL, NULL),
(2554, 16, 129, 'available', NULL, NULL),
(2555, 16, 130, 'available', NULL, NULL),
(2556, 16, 133, 'available', NULL, NULL),
(2557, 16, 142, 'available', NULL, NULL),
(2558, 16, 143, 'available', NULL, NULL),
(2559, 16, 134, 'available', NULL, NULL),
(2560, 16, 135, 'available', NULL, NULL),
(2561, 16, 136, 'available', NULL, NULL),
(2562, 16, 137, 'available', NULL, NULL),
(2563, 16, 138, 'available', NULL, NULL),
(2564, 16, 139, 'available', NULL, NULL),
(2565, 16, 140, 'available', NULL, NULL),
(2566, 16, 141, 'available', NULL, NULL),
(2567, 16, 144, 'available', NULL, NULL),
(2568, 16, 153, 'available', NULL, NULL),
(2569, 16, 154, 'available', NULL, NULL),
(2570, 16, 145, 'available', NULL, NULL),
(2571, 16, 146, 'available', NULL, NULL),
(2572, 16, 147, 'available', NULL, NULL),
(2573, 16, 148, 'available', NULL, NULL),
(2574, 16, 149, 'available', NULL, NULL),
(2575, 16, 150, 'available', NULL, NULL),
(2576, 16, 151, 'available', NULL, NULL),
(2577, 16, 152, 'available', NULL, NULL),
(2578, 16, 155, 'available', NULL, NULL),
(2579, 16, 164, 'available', NULL, NULL),
(2580, 16, 165, 'available', NULL, NULL),
(2581, 16, 156, 'available', NULL, NULL),
(2582, 16, 157, 'available', NULL, NULL),
(2583, 16, 158, 'available', NULL, NULL),
(2584, 16, 159, 'available', NULL, NULL),
(2585, 16, 160, 'available', NULL, NULL),
(2586, 16, 161, 'available', NULL, NULL),
(2587, 16, 162, 'available', NULL, NULL),
(2588, 16, 163, 'available', NULL, NULL),
(2589, 16, 166, 'available', NULL, NULL),
(2590, 16, 175, 'available', NULL, NULL),
(2591, 16, 176, 'available', NULL, NULL),
(2592, 16, 167, 'available', NULL, NULL),
(2593, 16, 168, 'available', NULL, NULL),
(2594, 16, 169, 'available', NULL, NULL),
(2595, 16, 170, 'available', NULL, NULL),
(2596, 16, 171, 'available', NULL, NULL),
(2597, 16, 172, 'available', NULL, NULL),
(2598, 16, 173, 'available', NULL, NULL),
(2599, 16, 174, 'available', NULL, NULL),
(2766, 17, 89, 'available', NULL, NULL),
(2767, 17, 98, 'available', NULL, NULL),
(2768, 17, 99, 'available', NULL, NULL),
(2769, 17, 90, 'available', NULL, NULL),
(2770, 17, 91, 'available', NULL, NULL),
(2771, 17, 92, 'available', NULL, NULL),
(2772, 17, 93, 'available', NULL, NULL),
(2773, 17, 94, 'available', NULL, NULL),
(2774, 17, 95, 'available', NULL, NULL),
(2775, 17, 96, 'available', NULL, NULL),
(2776, 17, 97, 'available', NULL, NULL),
(2777, 17, 100, 'available', NULL, NULL),
(2778, 17, 109, 'available', NULL, NULL),
(2779, 17, 110, 'available', NULL, NULL),
(2780, 17, 101, 'available', NULL, NULL),
(2781, 17, 102, 'available', NULL, NULL),
(2782, 17, 103, 'available', NULL, NULL),
(2783, 17, 104, 'available', NULL, NULL),
(2784, 17, 105, 'available', NULL, NULL),
(2785, 17, 106, 'available', NULL, NULL),
(2786, 17, 107, 'available', NULL, NULL),
(2787, 17, 108, 'available', NULL, NULL),
(2788, 17, 111, 'available', NULL, NULL),
(2789, 17, 120, 'available', NULL, NULL),
(2790, 17, 121, 'available', NULL, NULL),
(2791, 17, 112, 'available', NULL, NULL),
(2792, 17, 113, 'available', NULL, NULL),
(2793, 17, 114, 'available', NULL, NULL),
(2794, 17, 115, 'available', NULL, NULL),
(2795, 17, 116, 'available', NULL, NULL),
(2796, 17, 117, 'available', NULL, NULL),
(2797, 17, 118, 'available', NULL, NULL),
(2798, 17, 119, 'available', NULL, NULL),
(2799, 17, 122, 'available', NULL, NULL),
(2800, 17, 131, 'available', NULL, NULL),
(2801, 17, 132, 'available', NULL, NULL),
(2802, 17, 123, 'available', NULL, NULL),
(2803, 17, 124, 'available', NULL, NULL),
(2804, 17, 125, 'available', NULL, NULL),
(2805, 17, 126, 'available', NULL, NULL),
(2806, 17, 127, 'available', NULL, NULL),
(2807, 17, 128, 'available', NULL, NULL),
(2808, 17, 129, 'available', NULL, NULL),
(2809, 17, 130, 'available', NULL, NULL),
(2810, 17, 133, 'available', NULL, NULL),
(2811, 17, 142, 'available', NULL, NULL),
(2812, 17, 143, 'available', NULL, NULL),
(2813, 17, 134, 'available', NULL, NULL),
(2814, 17, 135, 'available', NULL, NULL),
(2815, 17, 136, 'available', NULL, NULL),
(2816, 17, 137, 'available', NULL, NULL),
(2817, 17, 138, 'available', NULL, NULL),
(2818, 17, 139, 'available', NULL, NULL),
(2819, 17, 140, 'available', NULL, NULL),
(2820, 17, 141, 'available', NULL, NULL),
(2821, 17, 144, 'available', NULL, NULL),
(2822, 17, 153, 'available', NULL, NULL),
(2823, 17, 154, 'available', NULL, NULL),
(2824, 17, 145, 'available', NULL, NULL),
(2825, 17, 146, 'available', NULL, NULL),
(2826, 17, 147, 'available', NULL, NULL),
(2827, 17, 148, 'available', NULL, NULL),
(2828, 17, 149, 'available', NULL, NULL),
(2829, 17, 150, 'available', NULL, NULL),
(2830, 17, 151, 'available', NULL, NULL),
(2831, 17, 152, 'available', NULL, NULL),
(2832, 17, 155, 'available', NULL, NULL),
(2833, 17, 164, 'available', NULL, NULL),
(2834, 17, 165, 'available', NULL, NULL),
(2835, 17, 156, 'available', NULL, NULL),
(2836, 17, 157, 'available', NULL, NULL),
(2837, 17, 158, 'available', NULL, NULL),
(2838, 17, 159, 'available', NULL, NULL),
(2839, 17, 160, 'available', NULL, NULL),
(2840, 17, 161, 'available', NULL, NULL),
(2841, 17, 162, 'available', NULL, NULL),
(2842, 17, 163, 'available', NULL, NULL),
(2843, 17, 166, 'available', NULL, NULL),
(2844, 17, 175, 'available', NULL, NULL),
(2845, 17, 176, 'available', NULL, NULL),
(2846, 17, 167, 'available', NULL, NULL),
(2847, 17, 168, 'available', NULL, NULL),
(2848, 17, 169, 'available', NULL, NULL),
(2849, 17, 170, 'available', NULL, NULL),
(2850, 17, 171, 'available', NULL, NULL),
(2851, 17, 172, 'available', NULL, NULL),
(2852, 17, 173, 'available', NULL, NULL),
(2853, 17, 174, 'available', NULL, NULL),
(3020, 18, 1, 'available', NULL, NULL),
(3021, 18, 10, 'available', NULL, NULL),
(3022, 18, 11, 'available', NULL, NULL),
(3023, 18, 2, 'available', NULL, NULL),
(3024, 18, 3, 'available', NULL, NULL),
(3025, 18, 4, 'available', NULL, NULL),
(3026, 18, 5, 'available', NULL, NULL),
(3027, 18, 6, 'available', NULL, NULL),
(3028, 18, 7, 'available', NULL, NULL),
(3029, 18, 8, 'available', NULL, NULL),
(3030, 18, 9, 'available', NULL, NULL),
(3031, 18, 12, 'available', NULL, NULL),
(3032, 18, 21, 'available', NULL, NULL),
(3033, 18, 22, 'available', NULL, NULL),
(3034, 18, 13, 'available', NULL, NULL),
(3035, 18, 14, 'available', NULL, NULL),
(3036, 18, 15, 'available', NULL, NULL),
(3037, 18, 16, 'available', NULL, NULL),
(3038, 18, 17, 'available', NULL, NULL),
(3039, 18, 18, 'available', NULL, NULL),
(3040, 18, 19, 'available', NULL, NULL),
(3041, 18, 20, 'available', NULL, NULL),
(3042, 18, 23, 'available', NULL, NULL),
(3043, 18, 32, 'available', NULL, NULL),
(3044, 18, 33, 'available', NULL, NULL),
(3045, 18, 24, 'available', NULL, NULL),
(3046, 18, 25, 'available', NULL, NULL),
(3047, 18, 26, 'available', NULL, NULL),
(3048, 18, 27, 'available', NULL, NULL),
(3049, 18, 28, 'available', NULL, NULL),
(3050, 18, 29, 'available', NULL, NULL),
(3051, 18, 30, 'available', NULL, NULL),
(3052, 18, 31, 'available', NULL, NULL),
(3053, 18, 34, 'available', NULL, NULL),
(3054, 18, 43, 'available', NULL, NULL),
(3055, 18, 44, 'available', NULL, NULL),
(3056, 18, 35, 'available', NULL, NULL),
(3057, 18, 36, 'available', NULL, NULL),
(3058, 18, 37, 'booked', NULL, NULL),
(3059, 18, 38, 'available', NULL, NULL),
(3060, 18, 39, 'available', NULL, NULL),
(3061, 18, 40, 'available', NULL, NULL),
(3062, 18, 41, 'available', NULL, NULL),
(3063, 18, 42, 'available', NULL, NULL),
(3064, 18, 45, 'available', NULL, NULL),
(3065, 18, 54, 'available', NULL, NULL),
(3066, 18, 55, 'available', NULL, NULL),
(3067, 18, 46, 'available', NULL, NULL),
(3068, 18, 47, 'available', NULL, NULL),
(3069, 18, 48, 'available', NULL, NULL),
(3070, 18, 49, 'available', NULL, NULL),
(3071, 18, 50, 'available', NULL, NULL),
(3072, 18, 51, 'available', NULL, NULL),
(3073, 18, 52, 'available', NULL, NULL),
(3074, 18, 53, 'available', NULL, NULL),
(3075, 18, 56, 'available', NULL, NULL),
(3076, 18, 65, 'available', NULL, NULL),
(3077, 18, 66, 'available', NULL, NULL),
(3078, 18, 57, 'available', NULL, NULL),
(3079, 18, 58, 'available', NULL, NULL),
(3080, 18, 59, 'available', NULL, NULL),
(3081, 18, 60, 'available', NULL, NULL),
(3082, 18, 61, 'available', NULL, NULL),
(3083, 18, 62, 'available', NULL, NULL),
(3084, 18, 63, 'available', NULL, NULL),
(3085, 18, 64, 'available', NULL, NULL),
(3086, 18, 67, 'available', NULL, NULL),
(3087, 18, 76, 'available', NULL, NULL),
(3088, 18, 77, 'available', NULL, NULL),
(3089, 18, 68, 'available', NULL, NULL),
(3090, 18, 69, 'available', NULL, NULL),
(3091, 18, 70, 'available', NULL, NULL),
(3092, 18, 71, 'available', NULL, NULL),
(3093, 18, 72, 'available', NULL, NULL),
(3094, 18, 73, 'available', NULL, NULL),
(3095, 18, 74, 'available', NULL, NULL),
(3096, 18, 75, 'available', NULL, NULL),
(3097, 18, 78, 'available', NULL, NULL),
(3098, 18, 87, 'available', NULL, NULL),
(3099, 18, 88, 'available', NULL, NULL),
(3100, 18, 79, 'available', NULL, NULL),
(3101, 18, 80, 'available', NULL, NULL),
(3102, 18, 81, 'available', NULL, NULL),
(3103, 18, 82, 'available', NULL, NULL),
(3104, 18, 83, 'available', NULL, NULL),
(3105, 18, 84, 'available', NULL, NULL),
(3106, 18, 85, 'available', NULL, NULL),
(3107, 18, 86, 'available', NULL, NULL),
(3235, 19, 1, 'available', NULL, NULL),
(3236, 19, 10, 'available', NULL, NULL),
(3237, 19, 11, 'available', NULL, NULL),
(3238, 19, 2, 'available', NULL, NULL),
(3239, 19, 3, 'available', NULL, NULL),
(3240, 19, 4, 'available', NULL, NULL),
(3241, 19, 5, 'available', NULL, NULL),
(3242, 19, 6, 'available', NULL, NULL),
(3243, 19, 7, 'available', NULL, NULL),
(3244, 19, 8, 'available', NULL, NULL),
(3245, 19, 9, 'available', NULL, NULL),
(3246, 19, 12, 'available', NULL, NULL),
(3247, 19, 21, 'available', NULL, NULL),
(3248, 19, 22, 'available', NULL, NULL),
(3249, 19, 13, 'available', NULL, NULL),
(3250, 19, 14, 'available', NULL, NULL),
(3251, 19, 15, 'available', NULL, NULL),
(3252, 19, 16, 'available', NULL, NULL),
(3253, 19, 17, 'available', NULL, NULL),
(3254, 19, 18, 'available', NULL, NULL),
(3255, 19, 19, 'available', NULL, NULL),
(3256, 19, 20, 'available', NULL, NULL),
(3257, 19, 23, 'available', NULL, NULL),
(3258, 19, 32, 'available', NULL, NULL),
(3259, 19, 33, 'available', NULL, NULL),
(3260, 19, 24, 'available', NULL, NULL),
(3261, 19, 25, 'available', NULL, NULL),
(3262, 19, 26, 'available', NULL, NULL),
(3263, 19, 27, 'available', NULL, NULL),
(3264, 19, 28, 'available', NULL, NULL),
(3265, 19, 29, 'available', NULL, NULL),
(3266, 19, 30, 'available', NULL, NULL),
(3267, 19, 31, 'available', NULL, NULL),
(3268, 19, 34, 'available', NULL, NULL),
(3269, 19, 43, 'available', NULL, NULL),
(3270, 19, 44, 'available', NULL, NULL),
(3271, 19, 35, 'available', NULL, NULL),
(3272, 19, 36, 'available', NULL, NULL),
(3273, 19, 37, 'available', NULL, NULL),
(3274, 19, 38, 'available', NULL, NULL),
(3275, 19, 39, 'available', NULL, NULL),
(3276, 19, 40, 'available', NULL, NULL),
(3277, 19, 41, 'available', NULL, NULL),
(3278, 19, 42, 'available', NULL, NULL),
(3279, 19, 45, 'available', NULL, NULL),
(3280, 19, 54, 'available', NULL, NULL),
(3281, 19, 55, 'available', NULL, NULL),
(3282, 19, 46, 'available', NULL, NULL),
(3283, 19, 47, 'available', NULL, NULL),
(3284, 19, 48, 'available', NULL, NULL),
(3285, 19, 49, 'available', NULL, NULL),
(3286, 19, 50, 'available', NULL, NULL),
(3287, 19, 51, 'available', NULL, NULL),
(3288, 19, 52, 'available', NULL, NULL),
(3289, 19, 53, 'available', NULL, NULL),
(3290, 19, 56, 'available', NULL, NULL),
(3291, 19, 65, 'available', NULL, NULL),
(3292, 19, 66, 'available', NULL, NULL),
(3293, 19, 57, 'available', NULL, NULL),
(3294, 19, 58, 'available', NULL, NULL),
(3295, 19, 59, 'available', NULL, NULL),
(3296, 19, 60, 'available', NULL, NULL),
(3297, 19, 61, 'available', NULL, NULL),
(3298, 19, 62, 'available', NULL, NULL),
(3299, 19, 63, 'available', NULL, NULL),
(3300, 19, 64, 'available', NULL, NULL),
(3301, 19, 67, 'available', NULL, NULL),
(3302, 19, 76, 'available', NULL, NULL),
(3303, 19, 77, 'available', NULL, NULL),
(3304, 19, 68, 'available', NULL, NULL),
(3305, 19, 69, 'available', NULL, NULL),
(3306, 19, 70, 'available', NULL, NULL),
(3307, 19, 71, 'available', NULL, NULL),
(3308, 19, 72, 'available', NULL, NULL);
INSERT INTO `showtime_seats` (`id`, `showtime_id`, `seat_id`, `status`, `held_by`, `hold_until`) VALUES
(3309, 19, 73, 'available', NULL, NULL),
(3310, 19, 74, 'available', NULL, NULL),
(3311, 19, 75, 'available', NULL, NULL),
(3312, 19, 78, 'available', NULL, NULL),
(3313, 19, 87, 'available', NULL, NULL),
(3314, 19, 88, 'available', NULL, NULL),
(3315, 19, 79, 'available', NULL, NULL),
(3316, 19, 80, 'available', NULL, NULL),
(3317, 19, 81, 'available', NULL, NULL),
(3318, 19, 82, 'available', NULL, NULL),
(3319, 19, 83, 'available', NULL, NULL),
(3320, 19, 84, 'available', NULL, NULL),
(3321, 19, 85, 'available', NULL, NULL),
(3322, 19, 86, 'available', NULL, NULL),
(3489, 20, 1, 'booked', NULL, NULL),
(3490, 20, 10, 'available', NULL, NULL),
(3491, 20, 11, 'available', NULL, NULL),
(3492, 20, 2, 'booked', NULL, NULL),
(3493, 20, 3, 'booked', NULL, NULL),
(3494, 20, 4, 'available', NULL, NULL),
(3495, 20, 5, 'available', NULL, NULL),
(3496, 20, 6, 'available', NULL, NULL),
(3497, 20, 7, 'available', NULL, NULL),
(3498, 20, 8, 'available', NULL, NULL),
(3499, 20, 9, 'available', NULL, NULL),
(3500, 20, 12, 'available', NULL, NULL),
(3501, 20, 21, 'available', NULL, NULL),
(3502, 20, 22, 'available', NULL, NULL),
(3503, 20, 13, 'available', NULL, NULL),
(3504, 20, 14, 'available', NULL, NULL),
(3505, 20, 15, 'available', NULL, NULL),
(3506, 20, 16, 'available', NULL, NULL),
(3507, 20, 17, 'available', NULL, NULL),
(3508, 20, 18, 'available', NULL, NULL),
(3509, 20, 19, 'available', NULL, NULL),
(3510, 20, 20, 'available', NULL, NULL),
(3511, 20, 23, 'available', NULL, NULL),
(3512, 20, 32, 'available', NULL, NULL),
(3513, 20, 33, 'available', NULL, NULL),
(3514, 20, 24, 'available', NULL, NULL),
(3515, 20, 25, 'available', NULL, NULL),
(3516, 20, 26, 'available', NULL, NULL),
(3517, 20, 27, 'available', NULL, NULL),
(3518, 20, 28, 'available', NULL, NULL),
(3519, 20, 29, 'available', NULL, NULL),
(3520, 20, 30, 'available', NULL, NULL),
(3521, 20, 31, 'available', NULL, NULL),
(3522, 20, 34, 'available', NULL, NULL),
(3523, 20, 43, 'available', NULL, NULL),
(3524, 20, 44, 'available', NULL, NULL),
(3525, 20, 35, 'available', NULL, NULL),
(3526, 20, 36, 'available', NULL, NULL),
(3527, 20, 37, 'available', NULL, NULL),
(3528, 20, 38, 'available', NULL, NULL),
(3529, 20, 39, 'available', NULL, NULL),
(3530, 20, 40, 'available', NULL, NULL),
(3531, 20, 41, 'available', NULL, NULL),
(3532, 20, 42, 'available', NULL, NULL),
(3533, 20, 45, 'available', NULL, NULL),
(3534, 20, 54, 'available', NULL, NULL),
(3535, 20, 55, 'available', NULL, NULL),
(3536, 20, 46, 'available', NULL, NULL),
(3537, 20, 47, 'available', NULL, NULL),
(3538, 20, 48, 'available', NULL, NULL),
(3539, 20, 49, 'available', NULL, NULL),
(3540, 20, 50, 'available', NULL, NULL),
(3541, 20, 51, 'available', NULL, NULL),
(3542, 20, 52, 'available', NULL, NULL),
(3543, 20, 53, 'available', NULL, NULL),
(3544, 20, 56, 'available', NULL, NULL),
(3545, 20, 65, 'available', NULL, NULL),
(3546, 20, 66, 'available', NULL, NULL),
(3547, 20, 57, 'available', NULL, NULL),
(3548, 20, 58, 'available', NULL, NULL),
(3549, 20, 59, 'available', NULL, NULL),
(3550, 20, 60, 'available', NULL, NULL),
(3551, 20, 61, 'available', NULL, NULL),
(3552, 20, 62, 'available', NULL, NULL),
(3553, 20, 63, 'available', NULL, NULL),
(3554, 20, 64, 'available', NULL, NULL),
(3555, 20, 67, 'available', NULL, NULL),
(3556, 20, 76, 'available', NULL, NULL),
(3557, 20, 77, 'available', NULL, NULL),
(3558, 20, 68, 'available', NULL, NULL),
(3559, 20, 69, 'available', NULL, NULL),
(3560, 20, 70, 'available', NULL, NULL),
(3561, 20, 71, 'available', NULL, NULL),
(3562, 20, 72, 'available', NULL, NULL),
(3563, 20, 73, 'available', NULL, NULL),
(3564, 20, 74, 'available', NULL, NULL),
(3565, 20, 75, 'available', NULL, NULL),
(3566, 20, 78, 'available', NULL, NULL),
(3567, 20, 87, 'available', NULL, NULL),
(3568, 20, 88, 'available', NULL, NULL),
(3569, 20, 79, 'available', NULL, NULL),
(3570, 20, 80, 'available', NULL, NULL),
(3571, 20, 81, 'available', NULL, NULL),
(3572, 20, 82, 'available', NULL, NULL),
(3573, 20, 83, 'available', NULL, NULL),
(3574, 20, 84, 'available', NULL, NULL),
(3575, 20, 85, 'available', NULL, NULL),
(3576, 20, 86, 'available', NULL, NULL),
(3743, 21, 1, 'available', NULL, NULL),
(3744, 21, 10, 'available', NULL, NULL),
(3745, 21, 11, 'available', NULL, NULL),
(3746, 21, 2, 'available', NULL, NULL),
(3747, 21, 3, 'available', NULL, NULL),
(3748, 21, 4, 'available', NULL, NULL),
(3749, 21, 5, 'available', NULL, NULL),
(3750, 21, 6, 'available', NULL, NULL),
(3751, 21, 7, 'available', NULL, NULL),
(3752, 21, 8, 'available', NULL, NULL),
(3753, 21, 9, 'available', NULL, NULL),
(3754, 21, 12, 'available', NULL, NULL),
(3755, 21, 21, 'available', NULL, NULL),
(3756, 21, 22, 'available', NULL, NULL),
(3757, 21, 13, 'available', NULL, NULL),
(3758, 21, 14, 'available', NULL, NULL),
(3759, 21, 15, 'available', NULL, NULL),
(3760, 21, 16, 'available', NULL, NULL),
(3761, 21, 17, 'available', NULL, NULL),
(3762, 21, 18, 'available', NULL, NULL),
(3763, 21, 19, 'available', NULL, NULL),
(3764, 21, 20, 'available', NULL, NULL),
(3765, 21, 23, 'available', NULL, NULL),
(3766, 21, 32, 'available', NULL, NULL),
(3767, 21, 33, 'available', NULL, NULL),
(3768, 21, 24, 'available', NULL, NULL),
(3769, 21, 25, 'available', NULL, NULL),
(3770, 21, 26, 'available', NULL, NULL),
(3771, 21, 27, 'available', NULL, NULL),
(3772, 21, 28, 'available', NULL, NULL),
(3773, 21, 29, 'available', NULL, NULL),
(3774, 21, 30, 'available', NULL, NULL),
(3775, 21, 31, 'available', NULL, NULL),
(3776, 21, 34, 'available', NULL, NULL),
(3777, 21, 43, 'available', NULL, NULL),
(3778, 21, 44, 'available', NULL, NULL),
(3779, 21, 35, 'available', NULL, NULL),
(3780, 21, 36, 'available', NULL, NULL),
(3781, 21, 37, 'available', NULL, NULL),
(3782, 21, 38, 'available', NULL, NULL),
(3783, 21, 39, 'available', NULL, NULL),
(3784, 21, 40, 'available', NULL, NULL),
(3785, 21, 41, 'available', NULL, NULL),
(3786, 21, 42, 'available', NULL, NULL),
(3787, 21, 45, 'available', NULL, NULL),
(3788, 21, 54, 'available', NULL, NULL),
(3789, 21, 55, 'available', NULL, NULL),
(3790, 21, 46, 'available', NULL, NULL),
(3791, 21, 47, 'available', NULL, NULL),
(3792, 21, 48, 'available', NULL, NULL),
(3793, 21, 49, 'available', NULL, NULL),
(3794, 21, 50, 'available', NULL, NULL),
(3795, 21, 51, 'available', NULL, NULL),
(3796, 21, 52, 'available', NULL, NULL),
(3797, 21, 53, 'available', NULL, NULL),
(3798, 21, 56, 'available', NULL, NULL),
(3799, 21, 65, 'available', NULL, NULL),
(3800, 21, 66, 'available', NULL, NULL),
(3801, 21, 57, 'available', NULL, NULL),
(3802, 21, 58, 'available', NULL, NULL),
(3803, 21, 59, 'available', NULL, NULL),
(3804, 21, 60, 'available', NULL, NULL),
(3805, 21, 61, 'available', NULL, NULL),
(3806, 21, 62, 'available', NULL, NULL),
(3807, 21, 63, 'available', NULL, NULL),
(3808, 21, 64, 'available', NULL, NULL),
(3809, 21, 67, 'available', NULL, NULL),
(3810, 21, 76, 'available', NULL, NULL),
(3811, 21, 77, 'available', NULL, NULL),
(3812, 21, 68, 'available', NULL, NULL),
(3813, 21, 69, 'available', NULL, NULL),
(3814, 21, 70, 'available', NULL, NULL),
(3815, 21, 71, 'available', NULL, NULL),
(3816, 21, 72, 'available', NULL, NULL),
(3817, 21, 73, 'available', NULL, NULL),
(3818, 21, 74, 'available', NULL, NULL),
(3819, 21, 75, 'available', NULL, NULL),
(3820, 21, 78, 'available', NULL, NULL),
(3821, 21, 87, 'available', NULL, NULL),
(3822, 21, 88, 'available', NULL, NULL),
(3823, 21, 79, 'available', NULL, NULL),
(3824, 21, 80, 'available', NULL, NULL),
(3825, 21, 81, 'available', NULL, NULL),
(3826, 21, 82, 'available', NULL, NULL),
(3827, 21, 83, 'available', NULL, NULL),
(3828, 21, 84, 'available', NULL, NULL),
(3829, 21, 85, 'available', NULL, NULL),
(3830, 21, 86, 'available', NULL, NULL),
(3997, 22, 1, 'available', NULL, NULL),
(3998, 22, 10, 'available', NULL, NULL),
(3999, 22, 11, 'available', NULL, NULL),
(4000, 22, 2, 'available', NULL, NULL),
(4001, 22, 3, 'available', NULL, NULL),
(4002, 22, 4, 'available', NULL, NULL),
(4003, 22, 5, 'available', NULL, NULL),
(4004, 22, 6, 'available', NULL, NULL),
(4005, 22, 7, 'available', NULL, NULL),
(4006, 22, 8, 'available', NULL, NULL),
(4007, 22, 9, 'available', NULL, NULL),
(4008, 22, 12, 'available', NULL, NULL),
(4009, 22, 21, 'available', NULL, NULL),
(4010, 22, 22, 'available', NULL, NULL),
(4011, 22, 13, 'available', NULL, NULL),
(4012, 22, 14, 'available', NULL, NULL),
(4013, 22, 15, 'available', NULL, NULL),
(4014, 22, 16, 'available', NULL, NULL),
(4015, 22, 17, 'available', NULL, NULL),
(4016, 22, 18, 'available', NULL, NULL),
(4017, 22, 19, 'available', NULL, NULL),
(4018, 22, 20, 'available', NULL, NULL),
(4019, 22, 23, 'available', NULL, NULL),
(4020, 22, 32, 'available', NULL, NULL),
(4021, 22, 33, 'available', NULL, NULL),
(4022, 22, 24, 'available', NULL, NULL),
(4023, 22, 25, 'available', NULL, NULL),
(4024, 22, 26, 'available', NULL, NULL),
(4025, 22, 27, 'available', NULL, NULL),
(4026, 22, 28, 'available', NULL, NULL),
(4027, 22, 29, 'available', NULL, NULL),
(4028, 22, 30, 'available', NULL, NULL),
(4029, 22, 31, 'available', NULL, NULL),
(4030, 22, 34, 'available', NULL, NULL),
(4031, 22, 43, 'available', NULL, NULL),
(4032, 22, 44, 'available', NULL, NULL),
(4033, 22, 35, 'available', NULL, NULL),
(4034, 22, 36, 'available', NULL, NULL),
(4035, 22, 37, 'available', NULL, NULL),
(4036, 22, 38, 'available', NULL, NULL),
(4037, 22, 39, 'available', NULL, NULL),
(4038, 22, 40, 'available', NULL, NULL),
(4039, 22, 41, 'available', NULL, NULL),
(4040, 22, 42, 'available', NULL, NULL),
(4041, 22, 45, 'available', NULL, NULL),
(4042, 22, 54, 'available', NULL, NULL),
(4043, 22, 55, 'available', NULL, NULL),
(4044, 22, 46, 'available', NULL, NULL),
(4045, 22, 47, 'available', NULL, NULL),
(4046, 22, 48, 'available', NULL, NULL),
(4047, 22, 49, 'available', NULL, NULL),
(4048, 22, 50, 'available', NULL, NULL),
(4049, 22, 51, 'available', NULL, NULL),
(4050, 22, 52, 'available', NULL, NULL),
(4051, 22, 53, 'available', NULL, NULL),
(4052, 22, 56, 'available', NULL, NULL),
(4053, 22, 65, 'available', NULL, NULL),
(4054, 22, 66, 'available', NULL, NULL),
(4055, 22, 57, 'available', NULL, NULL),
(4056, 22, 58, 'available', NULL, NULL),
(4057, 22, 59, 'available', NULL, NULL),
(4058, 22, 60, 'available', NULL, NULL),
(4059, 22, 61, 'available', NULL, NULL),
(4060, 22, 62, 'available', NULL, NULL),
(4061, 22, 63, 'available', NULL, NULL),
(4062, 22, 64, 'available', NULL, NULL),
(4063, 22, 67, 'available', NULL, NULL),
(4064, 22, 76, 'available', NULL, NULL),
(4065, 22, 77, 'available', NULL, NULL),
(4066, 22, 68, 'available', NULL, NULL),
(4067, 22, 69, 'available', NULL, NULL),
(4068, 22, 70, 'available', NULL, NULL),
(4069, 22, 71, 'available', NULL, NULL),
(4070, 22, 72, 'available', NULL, NULL),
(4071, 22, 73, 'available', NULL, NULL),
(4072, 22, 74, 'available', NULL, NULL),
(4073, 22, 75, 'available', NULL, NULL),
(4074, 22, 78, 'available', NULL, NULL),
(4075, 22, 87, 'available', NULL, NULL),
(4076, 22, 88, 'available', NULL, NULL),
(4077, 22, 79, 'available', NULL, NULL),
(4078, 22, 80, 'available', NULL, NULL),
(4079, 22, 81, 'available', NULL, NULL),
(4080, 22, 82, 'available', NULL, NULL),
(4081, 22, 83, 'available', NULL, NULL),
(4082, 22, 84, 'available', NULL, NULL),
(4083, 22, 85, 'available', NULL, NULL),
(4084, 22, 86, 'available', NULL, NULL),
(4251, 23, 1, 'available', NULL, NULL),
(4252, 23, 10, 'available', NULL, NULL),
(4253, 23, 11, 'available', NULL, NULL),
(4254, 23, 2, 'available', NULL, NULL),
(4255, 23, 3, 'available', NULL, NULL),
(4256, 23, 4, 'available', NULL, NULL),
(4257, 23, 5, 'available', NULL, NULL),
(4258, 23, 6, 'available', NULL, NULL),
(4259, 23, 7, 'available', NULL, NULL),
(4260, 23, 8, 'available', NULL, NULL),
(4261, 23, 9, 'available', NULL, NULL),
(4262, 23, 12, 'available', NULL, NULL),
(4263, 23, 21, 'available', NULL, NULL),
(4264, 23, 22, 'available', NULL, NULL),
(4265, 23, 13, 'available', NULL, NULL),
(4266, 23, 14, 'available', NULL, NULL),
(4267, 23, 15, 'available', NULL, NULL),
(4268, 23, 16, 'available', NULL, NULL),
(4269, 23, 17, 'available', NULL, NULL),
(4270, 23, 18, 'available', NULL, NULL),
(4271, 23, 19, 'available', NULL, NULL),
(4272, 23, 20, 'available', NULL, NULL),
(4273, 23, 23, 'available', NULL, NULL),
(4274, 23, 32, 'available', NULL, NULL),
(4275, 23, 33, 'available', NULL, NULL),
(4276, 23, 24, 'available', NULL, NULL),
(4277, 23, 25, 'available', NULL, NULL),
(4278, 23, 26, 'available', NULL, NULL),
(4279, 23, 27, 'available', NULL, NULL),
(4280, 23, 28, 'available', NULL, NULL),
(4281, 23, 29, 'available', NULL, NULL),
(4282, 23, 30, 'available', NULL, NULL),
(4283, 23, 31, 'available', NULL, NULL),
(4284, 23, 34, 'available', NULL, NULL),
(4285, 23, 43, 'available', NULL, NULL),
(4286, 23, 44, 'available', NULL, NULL),
(4287, 23, 35, 'available', NULL, NULL),
(4288, 23, 36, 'available', NULL, NULL),
(4289, 23, 37, 'available', NULL, NULL),
(4290, 23, 38, 'available', NULL, NULL),
(4291, 23, 39, 'available', NULL, NULL),
(4292, 23, 40, 'available', NULL, NULL),
(4293, 23, 41, 'available', NULL, NULL),
(4294, 23, 42, 'available', NULL, NULL),
(4295, 23, 45, 'available', NULL, NULL),
(4296, 23, 54, 'available', NULL, NULL),
(4297, 23, 55, 'available', NULL, NULL),
(4298, 23, 46, 'available', NULL, NULL),
(4299, 23, 47, 'available', NULL, NULL),
(4300, 23, 48, 'available', NULL, NULL),
(4301, 23, 49, 'available', NULL, NULL),
(4302, 23, 50, 'available', NULL, NULL),
(4303, 23, 51, 'available', NULL, NULL),
(4304, 23, 52, 'available', NULL, NULL),
(4305, 23, 53, 'available', NULL, NULL),
(4306, 23, 56, 'available', NULL, NULL),
(4307, 23, 65, 'available', NULL, NULL),
(4308, 23, 66, 'available', NULL, NULL),
(4309, 23, 57, 'available', NULL, NULL),
(4310, 23, 58, 'available', NULL, NULL),
(4311, 23, 59, 'available', NULL, NULL),
(4312, 23, 60, 'available', NULL, NULL),
(4313, 23, 61, 'available', NULL, NULL),
(4314, 23, 62, 'available', NULL, NULL),
(4315, 23, 63, 'available', NULL, NULL),
(4316, 23, 64, 'available', NULL, NULL),
(4317, 23, 67, 'available', NULL, NULL),
(4318, 23, 76, 'available', NULL, NULL),
(4319, 23, 77, 'available', NULL, NULL),
(4320, 23, 68, 'available', NULL, NULL),
(4321, 23, 69, 'available', NULL, NULL),
(4322, 23, 70, 'available', NULL, NULL),
(4323, 23, 71, 'available', NULL, NULL),
(4324, 23, 72, 'available', NULL, NULL),
(4325, 23, 73, 'available', NULL, NULL),
(4326, 23, 74, 'available', NULL, NULL),
(4327, 23, 75, 'available', NULL, NULL),
(4328, 23, 78, 'available', NULL, NULL),
(4329, 23, 87, 'available', NULL, NULL),
(4330, 23, 88, 'available', NULL, NULL),
(4331, 23, 79, 'available', NULL, NULL),
(4332, 23, 80, 'available', NULL, NULL),
(4333, 23, 81, 'available', NULL, NULL),
(4334, 23, 82, 'available', NULL, NULL),
(4335, 23, 83, 'available', NULL, NULL),
(4336, 23, 84, 'available', NULL, NULL),
(4337, 23, 85, 'available', NULL, NULL),
(4338, 23, 86, 'available', NULL, NULL),
(4505, 24, 89, 'available', NULL, NULL),
(4506, 24, 98, 'available', NULL, NULL),
(4507, 24, 99, 'available', NULL, NULL),
(4508, 24, 90, 'available', NULL, NULL),
(4509, 24, 91, 'available', NULL, NULL),
(4510, 24, 92, 'available', NULL, NULL),
(4511, 24, 93, 'available', NULL, NULL),
(4512, 24, 94, 'available', NULL, NULL),
(4513, 24, 95, 'available', NULL, NULL),
(4514, 24, 96, 'available', NULL, NULL),
(4515, 24, 97, 'available', NULL, NULL),
(4516, 24, 100, 'available', NULL, NULL),
(4517, 24, 109, 'available', NULL, NULL),
(4518, 24, 110, 'available', NULL, NULL),
(4519, 24, 101, 'available', NULL, NULL),
(4520, 24, 102, 'available', NULL, NULL),
(4521, 24, 103, 'available', NULL, NULL),
(4522, 24, 104, 'available', NULL, NULL),
(4523, 24, 105, 'available', NULL, NULL),
(4524, 24, 106, 'available', NULL, NULL),
(4525, 24, 107, 'available', NULL, NULL),
(4526, 24, 108, 'available', NULL, NULL),
(4527, 24, 111, 'available', NULL, NULL),
(4528, 24, 120, 'available', NULL, NULL),
(4529, 24, 121, 'available', NULL, NULL),
(4530, 24, 112, 'available', NULL, NULL),
(4531, 24, 113, 'available', NULL, NULL),
(4532, 24, 114, 'available', NULL, NULL),
(4533, 24, 115, 'available', NULL, NULL),
(4534, 24, 116, 'available', NULL, NULL),
(4535, 24, 117, 'available', NULL, NULL),
(4536, 24, 118, 'available', NULL, NULL),
(4537, 24, 119, 'available', NULL, NULL),
(4538, 24, 122, 'available', NULL, NULL),
(4539, 24, 131, 'available', NULL, NULL),
(4540, 24, 132, 'available', NULL, NULL),
(4541, 24, 123, 'available', NULL, NULL),
(4542, 24, 124, 'available', NULL, NULL),
(4543, 24, 125, 'available', NULL, NULL),
(4544, 24, 126, 'available', NULL, NULL),
(4545, 24, 127, 'available', NULL, NULL),
(4546, 24, 128, 'available', NULL, NULL),
(4547, 24, 129, 'available', NULL, NULL),
(4548, 24, 130, 'available', NULL, NULL),
(4549, 24, 133, 'available', NULL, NULL),
(4550, 24, 142, 'available', NULL, NULL),
(4551, 24, 143, 'available', NULL, NULL),
(4552, 24, 134, 'available', NULL, NULL),
(4553, 24, 135, 'available', NULL, NULL),
(4554, 24, 136, 'available', NULL, NULL),
(4555, 24, 137, 'available', NULL, NULL),
(4556, 24, 138, 'available', NULL, NULL),
(4557, 24, 139, 'available', NULL, NULL),
(4558, 24, 140, 'available', NULL, NULL),
(4559, 24, 141, 'available', NULL, NULL),
(4560, 24, 144, 'available', NULL, NULL),
(4561, 24, 153, 'available', NULL, NULL),
(4562, 24, 154, 'available', NULL, NULL),
(4563, 24, 145, 'available', NULL, NULL),
(4564, 24, 146, 'available', NULL, NULL),
(4565, 24, 147, 'available', NULL, NULL),
(4566, 24, 148, 'available', NULL, NULL),
(4567, 24, 149, 'available', NULL, NULL),
(4568, 24, 150, 'available', NULL, NULL),
(4569, 24, 151, 'available', NULL, NULL),
(4570, 24, 152, 'available', NULL, NULL),
(4571, 24, 155, 'available', NULL, NULL),
(4572, 24, 164, 'available', NULL, NULL),
(4573, 24, 165, 'available', NULL, NULL),
(4574, 24, 156, 'available', NULL, NULL),
(4575, 24, 157, 'available', NULL, NULL),
(4576, 24, 158, 'available', NULL, NULL),
(4577, 24, 159, 'available', NULL, NULL),
(4578, 24, 160, 'available', NULL, NULL),
(4579, 24, 161, 'available', NULL, NULL),
(4580, 24, 162, 'available', NULL, NULL),
(4581, 24, 163, 'available', NULL, NULL),
(4582, 24, 166, 'available', NULL, NULL),
(4583, 24, 175, 'available', NULL, NULL),
(4584, 24, 176, 'available', NULL, NULL),
(4585, 24, 167, 'available', NULL, NULL),
(4586, 24, 168, 'available', NULL, NULL),
(4587, 24, 169, 'available', NULL, NULL),
(4588, 24, 170, 'available', NULL, NULL),
(4589, 24, 171, 'available', NULL, NULL),
(4590, 24, 172, 'available', NULL, NULL),
(4591, 24, 173, 'available', NULL, NULL),
(4592, 24, 174, 'available', NULL, NULL),
(4759, 25, 89, 'available', NULL, NULL),
(4760, 25, 98, 'available', NULL, NULL),
(4761, 25, 99, 'available', NULL, NULL),
(4762, 25, 90, 'available', NULL, NULL),
(4763, 25, 91, 'available', NULL, NULL),
(4764, 25, 92, 'available', NULL, NULL),
(4765, 25, 93, 'available', NULL, NULL),
(4766, 25, 94, 'available', NULL, NULL),
(4767, 25, 95, 'available', NULL, NULL),
(4768, 25, 96, 'available', NULL, NULL),
(4769, 25, 97, 'available', NULL, NULL),
(4770, 25, 100, 'available', NULL, NULL),
(4771, 25, 109, 'available', NULL, NULL),
(4772, 25, 110, 'available', NULL, NULL),
(4773, 25, 101, 'available', NULL, NULL),
(4774, 25, 102, 'available', NULL, NULL),
(4775, 25, 103, 'available', NULL, NULL),
(4776, 25, 104, 'available', NULL, NULL),
(4777, 25, 105, 'available', NULL, NULL),
(4778, 25, 106, 'available', NULL, NULL),
(4779, 25, 107, 'available', NULL, NULL),
(4780, 25, 108, 'available', NULL, NULL),
(4781, 25, 111, 'available', NULL, NULL),
(4782, 25, 120, 'available', NULL, NULL),
(4783, 25, 121, 'available', NULL, NULL),
(4784, 25, 112, 'available', NULL, NULL),
(4785, 25, 113, 'available', NULL, NULL),
(4786, 25, 114, 'available', NULL, NULL),
(4787, 25, 115, 'available', NULL, NULL),
(4788, 25, 116, 'available', NULL, NULL),
(4789, 25, 117, 'available', NULL, NULL),
(4790, 25, 118, 'available', NULL, NULL),
(4791, 25, 119, 'available', NULL, NULL),
(4792, 25, 122, 'available', NULL, NULL),
(4793, 25, 131, 'available', NULL, NULL),
(4794, 25, 132, 'available', NULL, NULL),
(4795, 25, 123, 'available', NULL, NULL),
(4796, 25, 124, 'available', NULL, NULL),
(4797, 25, 125, 'available', NULL, NULL),
(4798, 25, 126, 'available', NULL, NULL),
(4799, 25, 127, 'available', NULL, NULL),
(4800, 25, 128, 'available', NULL, NULL),
(4801, 25, 129, 'available', NULL, NULL),
(4802, 25, 130, 'available', NULL, NULL),
(4803, 25, 133, 'available', NULL, NULL),
(4804, 25, 142, 'available', NULL, NULL),
(4805, 25, 143, 'available', NULL, NULL),
(4806, 25, 134, 'available', NULL, NULL),
(4807, 25, 135, 'available', NULL, NULL),
(4808, 25, 136, 'available', NULL, NULL),
(4809, 25, 137, 'available', NULL, NULL),
(4810, 25, 138, 'available', NULL, NULL),
(4811, 25, 139, 'available', NULL, NULL),
(4812, 25, 140, 'available', NULL, NULL),
(4813, 25, 141, 'available', NULL, NULL),
(4814, 25, 144, 'available', NULL, NULL),
(4815, 25, 153, 'available', NULL, NULL),
(4816, 25, 154, 'available', NULL, NULL),
(4817, 25, 145, 'available', NULL, NULL),
(4818, 25, 146, 'available', NULL, NULL),
(4819, 25, 147, 'available', NULL, NULL),
(4820, 25, 148, 'available', NULL, NULL),
(4821, 25, 149, 'available', NULL, NULL),
(4822, 25, 150, 'available', NULL, NULL),
(4823, 25, 151, 'available', NULL, NULL),
(4824, 25, 152, 'available', NULL, NULL),
(4825, 25, 155, 'available', NULL, NULL),
(4826, 25, 164, 'available', NULL, NULL),
(4827, 25, 165, 'available', NULL, NULL),
(4828, 25, 156, 'available', NULL, NULL),
(4829, 25, 157, 'available', NULL, NULL),
(4830, 25, 158, 'available', NULL, NULL),
(4831, 25, 159, 'available', NULL, NULL),
(4832, 25, 160, 'available', NULL, NULL),
(4833, 25, 161, 'available', NULL, NULL),
(4834, 25, 162, 'available', NULL, NULL),
(4835, 25, 163, 'available', NULL, NULL),
(4836, 25, 166, 'available', NULL, NULL),
(4837, 25, 175, 'available', NULL, NULL),
(4838, 25, 176, 'available', NULL, NULL),
(4839, 25, 167, 'available', NULL, NULL),
(4840, 25, 168, 'available', NULL, NULL),
(4841, 25, 169, 'available', NULL, NULL),
(4842, 25, 170, 'available', NULL, NULL),
(4843, 25, 171, 'available', NULL, NULL),
(4844, 25, 172, 'available', NULL, NULL),
(4845, 25, 173, 'available', NULL, NULL),
(4846, 25, 174, 'available', NULL, NULL),
(5013, 26, 1, 'available', NULL, NULL),
(5014, 26, 10, 'available', NULL, NULL),
(5015, 26, 11, 'available', NULL, NULL),
(5016, 26, 2, 'available', NULL, NULL),
(5017, 26, 3, 'available', NULL, NULL),
(5018, 26, 4, 'available', NULL, NULL),
(5019, 26, 5, 'available', NULL, NULL),
(5020, 26, 6, 'available', NULL, NULL),
(5021, 26, 7, 'available', NULL, NULL),
(5022, 26, 8, 'available', NULL, NULL),
(5023, 26, 9, 'available', NULL, NULL),
(5024, 26, 12, 'available', NULL, NULL),
(5025, 26, 21, 'available', NULL, NULL),
(5026, 26, 22, 'available', NULL, NULL),
(5027, 26, 13, 'available', NULL, NULL),
(5028, 26, 14, 'available', NULL, NULL),
(5029, 26, 15, 'available', NULL, NULL),
(5030, 26, 16, 'available', NULL, NULL),
(5031, 26, 17, 'available', NULL, NULL),
(5032, 26, 18, 'available', NULL, NULL),
(5033, 26, 19, 'available', NULL, NULL),
(5034, 26, 20, 'available', NULL, NULL),
(5035, 26, 23, 'available', NULL, NULL),
(5036, 26, 32, 'available', NULL, NULL),
(5037, 26, 33, 'available', NULL, NULL),
(5038, 26, 24, 'available', NULL, NULL),
(5039, 26, 25, 'available', NULL, NULL),
(5040, 26, 26, 'available', NULL, NULL),
(5041, 26, 27, 'available', NULL, NULL),
(5042, 26, 28, 'available', NULL, NULL),
(5043, 26, 29, 'available', NULL, NULL),
(5044, 26, 30, 'available', NULL, NULL),
(5045, 26, 31, 'available', NULL, NULL),
(5046, 26, 34, 'available', NULL, NULL),
(5047, 26, 43, 'available', NULL, NULL),
(5048, 26, 44, 'available', NULL, NULL),
(5049, 26, 35, 'available', NULL, NULL),
(5050, 26, 36, 'available', NULL, NULL),
(5051, 26, 37, 'available', NULL, NULL),
(5052, 26, 38, 'available', NULL, NULL),
(5053, 26, 39, 'available', NULL, NULL),
(5054, 26, 40, 'available', NULL, NULL),
(5055, 26, 41, 'available', NULL, NULL),
(5056, 26, 42, 'available', NULL, NULL),
(5057, 26, 45, 'available', NULL, NULL),
(5058, 26, 54, 'available', NULL, NULL),
(5059, 26, 55, 'available', NULL, NULL),
(5060, 26, 46, 'available', NULL, NULL),
(5061, 26, 47, 'available', NULL, NULL),
(5062, 26, 48, 'available', NULL, NULL),
(5063, 26, 49, 'available', NULL, NULL),
(5064, 26, 50, 'available', NULL, NULL),
(5065, 26, 51, 'available', NULL, NULL),
(5066, 26, 52, 'available', NULL, NULL),
(5067, 26, 53, 'available', NULL, NULL),
(5068, 26, 56, 'available', NULL, NULL),
(5069, 26, 65, 'available', NULL, NULL),
(5070, 26, 66, 'available', NULL, NULL),
(5071, 26, 57, 'available', NULL, NULL),
(5072, 26, 58, 'available', NULL, NULL),
(5073, 26, 59, 'available', NULL, NULL),
(5074, 26, 60, 'available', NULL, NULL),
(5075, 26, 61, 'available', NULL, NULL),
(5076, 26, 62, 'available', NULL, NULL),
(5077, 26, 63, 'available', NULL, NULL),
(5078, 26, 64, 'available', NULL, NULL),
(5079, 26, 67, 'available', NULL, NULL),
(5080, 26, 76, 'available', NULL, NULL),
(5081, 26, 77, 'available', NULL, NULL),
(5082, 26, 68, 'available', NULL, NULL),
(5083, 26, 69, 'available', NULL, NULL),
(5084, 26, 70, 'available', NULL, NULL),
(5085, 26, 71, 'available', NULL, NULL),
(5086, 26, 72, 'available', NULL, NULL),
(5087, 26, 73, 'available', NULL, NULL),
(5088, 26, 74, 'available', NULL, NULL),
(5089, 26, 75, 'available', NULL, NULL),
(5090, 26, 78, 'available', NULL, NULL),
(5091, 26, 87, 'available', NULL, NULL),
(5092, 26, 88, 'available', NULL, NULL),
(5093, 26, 79, 'available', NULL, NULL),
(5094, 26, 80, 'available', NULL, NULL),
(5095, 26, 81, 'available', NULL, NULL),
(5096, 26, 82, 'available', NULL, NULL),
(5097, 26, 83, 'available', NULL, NULL),
(5098, 26, 84, 'available', NULL, NULL),
(5099, 26, 85, 'available', NULL, NULL),
(5100, 26, 86, 'available', NULL, NULL),
(5484, 40, 89, 'available', NULL, NULL),
(5485, 40, 98, 'available', NULL, NULL),
(5486, 40, 99, 'available', NULL, NULL),
(5487, 40, 90, 'available', NULL, NULL),
(5488, 40, 91, 'available', NULL, NULL),
(5489, 40, 92, 'available', NULL, NULL),
(5490, 40, 93, 'available', NULL, NULL),
(5491, 40, 94, 'available', NULL, NULL),
(5492, 40, 95, 'available', NULL, NULL),
(5493, 40, 96, 'available', NULL, NULL),
(5494, 40, 97, 'available', NULL, NULL),
(5495, 40, 100, 'available', NULL, NULL),
(5496, 40, 109, 'available', NULL, NULL),
(5497, 40, 110, 'available', NULL, NULL),
(5498, 40, 101, 'available', NULL, NULL),
(5499, 40, 102, 'available', NULL, NULL),
(5500, 40, 103, 'available', NULL, NULL),
(5501, 40, 104, 'available', NULL, NULL),
(5502, 40, 105, 'available', NULL, NULL),
(5503, 40, 106, 'available', NULL, NULL),
(5504, 40, 107, 'available', NULL, NULL),
(5505, 40, 108, 'available', NULL, NULL),
(5506, 40, 111, 'available', NULL, NULL),
(5507, 40, 120, 'available', NULL, NULL),
(5508, 40, 121, 'available', NULL, NULL),
(5509, 40, 112, 'available', NULL, NULL),
(5510, 40, 113, 'available', NULL, NULL),
(5511, 40, 114, 'available', NULL, NULL),
(5512, 40, 115, 'available', NULL, NULL),
(5513, 40, 116, 'available', NULL, NULL),
(5514, 40, 117, 'available', NULL, NULL),
(5515, 40, 118, 'available', NULL, NULL),
(5516, 40, 119, 'available', NULL, NULL),
(5517, 40, 122, 'available', NULL, NULL),
(5518, 40, 131, 'available', NULL, NULL),
(5519, 40, 132, 'available', NULL, NULL),
(5520, 40, 123, 'available', NULL, NULL),
(5521, 40, 124, 'available', NULL, NULL),
(5522, 40, 125, 'available', NULL, NULL),
(5523, 40, 126, 'available', NULL, NULL),
(5524, 40, 127, 'available', NULL, NULL),
(5525, 40, 128, 'available', NULL, NULL),
(5526, 40, 129, 'available', NULL, NULL),
(5527, 40, 130, 'available', NULL, NULL),
(5528, 40, 133, 'available', NULL, NULL),
(5529, 40, 142, 'available', NULL, NULL),
(5530, 40, 143, 'available', NULL, NULL),
(5531, 40, 134, 'available', NULL, NULL),
(5532, 40, 135, 'available', NULL, NULL),
(5533, 40, 136, 'available', NULL, NULL),
(5534, 40, 137, 'available', NULL, NULL),
(5535, 40, 138, 'available', NULL, NULL),
(5536, 40, 139, 'available', NULL, NULL),
(5537, 40, 140, 'available', NULL, NULL),
(5538, 40, 141, 'available', NULL, NULL),
(5539, 40, 144, 'available', NULL, NULL),
(5540, 40, 153, 'available', NULL, NULL),
(5541, 40, 154, 'available', NULL, NULL),
(5542, 40, 145, 'available', NULL, NULL),
(5543, 40, 146, 'available', NULL, NULL),
(5544, 40, 147, 'available', NULL, NULL),
(5545, 40, 148, 'available', NULL, NULL),
(5546, 40, 149, 'available', NULL, NULL),
(5547, 40, 150, 'available', NULL, NULL),
(5548, 40, 151, 'available', NULL, NULL),
(5549, 40, 152, 'available', NULL, NULL),
(5550, 40, 155, 'available', NULL, NULL),
(5551, 40, 164, 'available', NULL, NULL),
(5552, 40, 165, 'available', NULL, NULL),
(5553, 40, 156, 'available', NULL, NULL),
(5554, 40, 157, 'available', NULL, NULL),
(5555, 40, 158, 'available', NULL, NULL),
(5556, 40, 159, 'available', NULL, NULL),
(5557, 40, 160, 'available', NULL, NULL),
(5558, 40, 161, 'available', NULL, NULL),
(5559, 40, 162, 'available', NULL, NULL),
(5560, 40, 163, 'available', NULL, NULL),
(5561, 40, 166, 'available', NULL, NULL),
(5562, 40, 175, 'available', NULL, NULL),
(5563, 40, 176, 'available', NULL, NULL),
(5564, 40, 167, 'available', NULL, NULL),
(5565, 40, 168, 'available', NULL, NULL),
(5566, 40, 169, 'available', NULL, NULL),
(5567, 40, 170, 'available', NULL, NULL),
(5568, 40, 171, 'available', NULL, NULL),
(5569, 40, 172, 'available', NULL, NULL),
(5570, 40, 173, 'available', NULL, NULL),
(5571, 40, 174, 'available', NULL, NULL),
(6763, 53, 216, 'available', NULL, NULL),
(6764, 53, 217, 'available', NULL, NULL),
(6765, 53, 218, 'available', NULL, NULL),
(6766, 53, 219, 'available', NULL, NULL),
(6767, 53, 220, 'available', NULL, NULL),
(6768, 53, 221, 'available', NULL, NULL),
(6769, 53, 222, 'available', NULL, NULL),
(6770, 53, 223, 'available', NULL, NULL),
(6771, 53, 224, 'available', NULL, NULL),
(6772, 53, 225, 'available', NULL, NULL),
(6773, 53, 226, 'available', NULL, NULL),
(6774, 53, 227, 'available', NULL, NULL),
(6775, 53, 228, 'available', NULL, NULL),
(6776, 53, 229, 'available', NULL, NULL),
(6777, 53, 230, 'available', NULL, NULL),
(6778, 53, 231, 'available', NULL, NULL),
(6779, 53, 232, 'available', NULL, NULL),
(6780, 53, 233, 'available', NULL, NULL),
(6781, 53, 234, 'available', NULL, NULL),
(6782, 53, 235, 'available', NULL, NULL),
(6783, 53, 236, 'available', NULL, NULL),
(6784, 53, 237, 'available', NULL, NULL),
(6785, 53, 238, 'available', NULL, NULL),
(6786, 53, 239, 'available', NULL, NULL),
(6787, 53, 240, 'available', NULL, NULL),
(6788, 53, 241, 'available', NULL, NULL),
(6789, 53, 242, 'available', NULL, NULL),
(6790, 53, 243, 'available', NULL, NULL),
(6791, 53, 244, 'available', NULL, NULL),
(6792, 53, 245, 'available', NULL, NULL),
(6793, 53, 246, 'available', NULL, NULL),
(6794, 53, 247, 'available', NULL, NULL),
(6795, 53, 248, 'available', NULL, NULL),
(6796, 53, 249, 'available', NULL, NULL),
(6797, 53, 250, 'available', NULL, NULL),
(6798, 53, 251, 'available', NULL, NULL),
(6799, 53, 252, 'available', NULL, NULL),
(6800, 53, 253, 'available', NULL, NULL),
(6801, 53, 254, 'available', NULL, NULL),
(6802, 53, 255, 'available', NULL, NULL),
(6803, 53, 256, 'available', NULL, NULL),
(6804, 53, 257, 'available', NULL, NULL),
(6805, 53, 258, 'available', NULL, NULL),
(6806, 53, 259, 'available', NULL, NULL),
(6807, 53, 260, 'available', NULL, NULL),
(6808, 53, 261, 'available', NULL, NULL),
(6809, 53, 262, 'available', NULL, NULL),
(6810, 53, 263, 'available', NULL, NULL),
(6811, 53, 264, 'available', NULL, NULL),
(6812, 53, 265, 'available', NULL, NULL),
(6813, 53, 266, 'available', NULL, NULL),
(6814, 53, 267, 'available', NULL, NULL),
(6815, 53, 268, 'available', NULL, NULL),
(6816, 53, 269, 'available', NULL, NULL),
(6817, 53, 270, 'available', NULL, NULL),
(6818, 53, 271, 'available', NULL, NULL),
(6819, 53, 272, 'available', NULL, NULL),
(6820, 53, 273, 'available', NULL, NULL),
(6821, 53, 274, 'available', NULL, NULL),
(6822, 53, 275, 'available', NULL, NULL),
(6823, 53, 276, 'available', NULL, NULL),
(6824, 53, 277, 'available', NULL, NULL),
(6825, 53, 278, 'available', NULL, NULL),
(6826, 53, 279, 'available', NULL, NULL),
(6827, 53, 280, 'available', NULL, NULL),
(6828, 53, 281, 'available', NULL, NULL),
(6829, 53, 282, 'available', NULL, NULL),
(6830, 53, 283, 'available', NULL, NULL),
(6831, 53, 284, 'available', NULL, NULL),
(6832, 53, 285, 'available', NULL, NULL),
(6833, 53, 286, 'available', NULL, NULL),
(6834, 53, 287, 'available', NULL, NULL),
(6835, 53, 288, 'available', NULL, NULL),
(6836, 53, 289, 'available', NULL, NULL),
(6837, 53, 290, 'available', NULL, NULL),
(6838, 53, 291, 'available', NULL, NULL),
(6839, 53, 292, 'available', NULL, NULL),
(6840, 53, 293, 'available', NULL, NULL),
(6841, 53, 294, 'available', NULL, NULL),
(6842, 53, 295, 'available', NULL, NULL),
(6843, 53, 296, 'available', NULL, NULL),
(6844, 53, 297, 'available', NULL, NULL),
(6845, 53, 298, 'available', NULL, NULL),
(6846, 53, 299, 'available', NULL, NULL),
(6847, 53, 300, 'available', NULL, NULL),
(6848, 53, 301, 'available', NULL, NULL),
(6849, 53, 302, 'available', NULL, NULL),
(6850, 53, 303, 'available', NULL, NULL),
(6890, 54, 216, 'available', NULL, NULL),
(6891, 54, 217, 'available', NULL, NULL),
(6892, 54, 218, 'available', NULL, NULL),
(6893, 54, 219, 'available', NULL, NULL),
(6894, 54, 220, 'available', NULL, NULL),
(6895, 54, 221, 'available', NULL, NULL),
(6896, 54, 222, 'available', NULL, NULL),
(6897, 54, 223, 'available', NULL, NULL),
(6898, 54, 224, 'available', NULL, NULL),
(6899, 54, 225, 'available', NULL, NULL),
(6900, 54, 226, 'available', NULL, NULL),
(6901, 54, 227, 'available', NULL, NULL),
(6902, 54, 228, 'available', NULL, NULL),
(6903, 54, 229, 'available', NULL, NULL),
(6904, 54, 230, 'available', NULL, NULL),
(6905, 54, 231, 'available', NULL, NULL),
(6906, 54, 232, 'available', NULL, NULL),
(6907, 54, 233, 'available', NULL, NULL),
(6908, 54, 234, 'available', NULL, NULL),
(6909, 54, 235, 'available', NULL, NULL),
(6910, 54, 236, 'available', NULL, NULL),
(6911, 54, 237, 'available', NULL, NULL),
(6912, 54, 238, 'available', NULL, NULL),
(6913, 54, 239, 'available', NULL, NULL),
(6914, 54, 240, 'available', NULL, NULL),
(6915, 54, 241, 'available', NULL, NULL),
(6916, 54, 242, 'available', NULL, NULL),
(6917, 54, 243, 'available', NULL, NULL),
(6918, 54, 244, 'available', NULL, NULL),
(6919, 54, 245, 'available', NULL, NULL),
(6920, 54, 246, 'available', NULL, NULL),
(6921, 54, 247, 'available', NULL, NULL),
(6922, 54, 248, 'available', NULL, NULL),
(6923, 54, 249, 'available', NULL, NULL),
(6924, 54, 250, 'available', NULL, NULL),
(6925, 54, 251, 'available', NULL, NULL),
(6926, 54, 252, 'available', NULL, NULL),
(6927, 54, 253, 'available', NULL, NULL),
(6928, 54, 254, 'available', NULL, NULL),
(6929, 54, 255, 'available', NULL, NULL),
(6930, 54, 256, 'available', NULL, NULL),
(6931, 54, 257, 'available', NULL, NULL),
(6932, 54, 258, 'available', NULL, NULL),
(6933, 54, 259, 'available', NULL, NULL),
(6934, 54, 260, 'available', NULL, NULL),
(6935, 54, 261, 'available', NULL, NULL),
(6936, 54, 262, 'available', NULL, NULL),
(6937, 54, 263, 'available', NULL, NULL),
(6938, 54, 264, 'available', NULL, NULL),
(6939, 54, 265, 'available', NULL, NULL),
(6940, 54, 266, 'available', NULL, NULL),
(6941, 54, 267, 'available', NULL, NULL),
(6942, 54, 268, 'available', NULL, NULL),
(6943, 54, 269, 'available', NULL, NULL),
(6944, 54, 270, 'available', NULL, NULL),
(6945, 54, 271, 'available', NULL, NULL),
(6946, 54, 272, 'available', NULL, NULL),
(6947, 54, 273, 'available', NULL, NULL),
(6948, 54, 274, 'available', NULL, NULL),
(6949, 54, 275, 'available', NULL, NULL),
(6950, 54, 276, 'available', NULL, NULL),
(6951, 54, 277, 'available', NULL, NULL),
(6952, 54, 278, 'available', NULL, NULL),
(6953, 54, 279, 'available', NULL, NULL),
(6954, 54, 280, 'available', NULL, NULL),
(6955, 54, 281, 'available', NULL, NULL),
(6956, 54, 282, 'available', NULL, NULL),
(6957, 54, 283, 'available', NULL, NULL),
(6958, 54, 284, 'available', NULL, NULL),
(6959, 54, 285, 'available', NULL, NULL),
(6960, 54, 286, 'available', NULL, NULL),
(6961, 54, 287, 'available', NULL, NULL),
(6962, 54, 288, 'available', NULL, NULL),
(6963, 54, 289, 'available', NULL, NULL),
(6964, 54, 290, 'available', NULL, NULL),
(6965, 54, 291, 'available', NULL, NULL),
(6966, 54, 292, 'available', NULL, NULL),
(6967, 54, 293, 'available', NULL, NULL),
(6968, 54, 294, 'available', NULL, NULL),
(6969, 54, 295, 'available', NULL, NULL),
(6970, 54, 296, 'available', NULL, NULL),
(6971, 54, 297, 'available', NULL, NULL),
(6972, 54, 298, 'available', NULL, NULL),
(6973, 54, 299, 'available', NULL, NULL),
(6974, 54, 300, 'available', NULL, NULL),
(6975, 54, 301, 'available', NULL, NULL),
(6976, 54, 302, 'available', NULL, NULL),
(6977, 54, 303, 'available', NULL, NULL);

-- --------------------------------------------------------

--
-- Table structure for table `tickets`
--

CREATE TABLE `tickets` (
  `id` int(11) NOT NULL,
  `booking_id` int(11) NOT NULL,
  `user_id` int(11) DEFAULT NULL,
  `showtime_id` int(11) NOT NULL,
  `seat_id` int(11) NOT NULL,
  `status` enum('unused','used') DEFAULT 'unused',
  `qr_hash` varchar(255) NOT NULL,
  `checkin_time` datetime DEFAULT NULL,
  `created_at` datetime DEFAULT current_timestamp()
) ENGINE=InnoDB DEFAULT CHARSET=utf8mb4 COLLATE=utf8mb4_general_ci;

-- --------------------------------------------------------

--
-- Table structure for table `user_coupons`
--

CREATE TABLE `user_coupons` (
  `id` int(11) NOT NULL,
  `user_id` int(11) NOT NULL,
  `code` varchar(50) NOT NULL,
  `name` varchar(255) NOT NULL,
  `registered_at` timestamp NOT NULL DEFAULT current_timestamp(),
  `expiry_date` datetime NOT NULL,
  `status` enum('active','used','expired') DEFAULT 'active'
) ENGINE=InnoDB DEFAULT CHARSET=utf8mb4 COLLATE=utf8mb4_general_ci;

--
-- Dumping data for table `user_coupons`
--

INSERT INTO `user_coupons` (`id`, `user_id`, `code`, `name`, `registered_at`, `expiry_date`, `status`) VALUES
(1, 5, 'DPRIME100', 'Chào mừng thành viên mới - 100k', '2026-04-03 12:56:13', '2026-04-10 19:56:13', 'active');

--
-- Indexes for dumped tables
--

--
-- Indexes for table `bookings`
--
ALTER TABLE `bookings`
  ADD PRIMARY KEY (`id`),
  ADD UNIQUE KEY `booking_code` (`booking_code`),
  ADD UNIQUE KEY `booking_code_2` (`booking_code`),
  ADD UNIQUE KEY `booking_code_3` (`booking_code`),
  ADD KEY `idx_booking_code` (`booking_code`),
  ADD KEY `idx_showtime` (`showtime_id`),
  ADD KEY `idx_user` (`user_id`);

--
-- Indexes for table `booking_combos`
--
ALTER TABLE `booking_combos`
  ADD PRIMARY KEY (`id`),
  ADD KEY `idx_booking` (`booking_id`);

--
-- Indexes for table `booking_seats`
--
ALTER TABLE `booking_seats`
  ADD PRIMARY KEY (`id`),
  ADD KEY `idx_booking` (`booking_id`);

--
-- Indexes for table `combos`
--
ALTER TABLE `combos`
  ADD PRIMARY KEY (`id`);

--
-- Indexes for table `combo_prices`
--
ALTER TABLE `combo_prices`
  ADD PRIMARY KEY (`id`),
  ADD KEY `combo_id` (`combo_id`);

--
-- Indexes for table `coupons_master`
--
ALTER TABLE `coupons_master`
  ADD PRIMARY KEY (`id`),
  ADD UNIQUE KEY `code` (`code`);

--
-- Indexes for table `payment_codes`
--
ALTER TABLE `payment_codes`
  ADD PRIMARY KEY (`user_id`);

--
-- Indexes for table `seat_layout`
--
ALTER TABLE `seat_layout`
  ADD PRIMARY KEY (`id`),
  ADD UNIQUE KEY `room_id` (`room_id`,`seat_code`);

--
-- Indexes for table `seat_prices`
--
ALTER TABLE `seat_prices`
  ADD PRIMARY KEY (`id`);

--
-- Indexes for table `showtime_seats`
--
ALTER TABLE `showtime_seats`
  ADD PRIMARY KEY (`id`),
  ADD UNIQUE KEY `uq_showtime_seat` (`showtime_id`,`seat_id`);

--
-- Indexes for table `tickets`
--
ALTER TABLE `tickets`
  ADD PRIMARY KEY (`id`);

--
-- Indexes for table `user_coupons`
--
ALTER TABLE `user_coupons`
  ADD PRIMARY KEY (`id`);

--
-- AUTO_INCREMENT for dumped tables
--

--
-- AUTO_INCREMENT for table `bookings`
--
ALTER TABLE `bookings`
  MODIFY `id` int(11) NOT NULL AUTO_INCREMENT, AUTO_INCREMENT=44;

--
-- AUTO_INCREMENT for table `booking_combos`
--
ALTER TABLE `booking_combos`
  MODIFY `id` int(11) NOT NULL AUTO_INCREMENT, AUTO_INCREMENT=30;

--
-- AUTO_INCREMENT for table `booking_seats`
--
ALTER TABLE `booking_seats`
  MODIFY `id` int(11) NOT NULL AUTO_INCREMENT, AUTO_INCREMENT=54;

--
-- AUTO_INCREMENT for table `combos`
--
ALTER TABLE `combos`
  MODIFY `id` int(11) NOT NULL AUTO_INCREMENT COMMENT 'ID combo', AUTO_INCREMENT=5;

--
-- AUTO_INCREMENT for table `combo_prices`
--
ALTER TABLE `combo_prices`
  MODIFY `id` int(11) NOT NULL AUTO_INCREMENT, AUTO_INCREMENT=61;

--
-- AUTO_INCREMENT for table `coupons_master`
--
ALTER TABLE `coupons_master`
  MODIFY `id` int(11) NOT NULL AUTO_INCREMENT, AUTO_INCREMENT=4;

--
-- AUTO_INCREMENT for table `seat_layout`
--
ALTER TABLE `seat_layout`
  MODIFY `id` int(11) NOT NULL AUTO_INCREMENT COMMENT 'ID ghế', AUTO_INCREMENT=304;

--
-- AUTO_INCREMENT for table `seat_prices`
--
ALTER TABLE `seat_prices`
  MODIFY `id` int(11) NOT NULL AUTO_INCREMENT, AUTO_INCREMENT=46;

--
-- AUTO_INCREMENT for table `showtime_seats`
--
ALTER TABLE `showtime_seats`
  MODIFY `id` int(11) NOT NULL AUTO_INCREMENT COMMENT 'ID ghế trong suất chiếu', AUTO_INCREMENT=6978;

--
-- AUTO_INCREMENT for table `tickets`
--
ALTER TABLE `tickets`
  MODIFY `id` int(11) NOT NULL AUTO_INCREMENT;

--
-- AUTO_INCREMENT for table `user_coupons`
--
ALTER TABLE `user_coupons`
  MODIFY `id` int(11) NOT NULL AUTO_INCREMENT, AUTO_INCREMENT=2;

--
-- Constraints for dumped tables
--

--
-- Constraints for table `booking_combos`
--
ALTER TABLE `booking_combos`
  ADD CONSTRAINT `booking_combos_ibfk_1` FOREIGN KEY (`booking_id`) REFERENCES `bookings` (`id`) ON DELETE CASCADE;

--
-- Constraints for table `booking_seats`
--
ALTER TABLE `booking_seats`
  ADD CONSTRAINT `booking_seats_ibfk_1` FOREIGN KEY (`booking_id`) REFERENCES `bookings` (`id`) ON DELETE CASCADE;

--
-- Constraints for table `combo_prices`
--
ALTER TABLE `combo_prices`
  ADD CONSTRAINT `combo_prices_ibfk_1` FOREIGN KEY (`combo_id`) REFERENCES `combos` (`id`);
COMMIT;

/*!40101 SET CHARACTER_SET_CLIENT=@OLD_CHARACTER_SET_CLIENT */;
/*!40101 SET CHARACTER_SET_RESULTS=@OLD_CHARACTER_SET_RESULTS */;
/*!40101 SET COLLATION_CONNECTION=@OLD_COLLATION_CONNECTION */;
